title,content,author,likes_count,favorites_count,comments_count,img_path
大小蜂时间线互换,"边画边笑。。
#空洞骑士 #纯粹容器#hornet #小骑士 ",BBAMX,522,28,10,rednote_image_1778466611861.jpg
什么生物,#空洞骑士 #丝之歌 #丝之歌大黄蜂 ,逃离人类中,1190,104,13,rednote_image_1778466619013.jpg
太好了我要发布这个,"难得有同人能发（在说什么）
#大黄蜂 #丝之歌 #稿件展示 ",冬季陸雨,270,8,5,rednote_image_1778466627463.jpg
kfc 女仆日,"メイドの日
#undertale#deltarune
#chara#frisk#kris ",元ノ宵,1956,115,28,rednote_image_1778466634198.jpg
老鼠偶尔会露出P6那样的表情,#花枝鼠 #手心里的鼠 #花枝鼠日常 #阴暗的老鼠 #鼠 #老鼠的命也是命 #老鼠 #养鼠日常分享 #鼠鼠教 ,涨势喜人！,26132,2108,753,rednote_image_1778466651259.jpg
老鼠偶尔会露出P6那样的表情,#花枝鼠 #手心里的鼠 #花枝鼠日常 #阴暗的老鼠 #鼠 #老鼠的命也是命 #老鼠 #养鼠日常分享 #鼠鼠教 ,涨势喜人！,26132,2108,753,rednote_image_1778466658767.jpg
,爱评论的人运气都不差,漂泊星,23484,941,259,rednote_image_1778466669729.jpg
所有人，感受。,失去进化权的小草,饼饼你去哪咧（爱你越骑神sp今年见）,682,9,295,rednote_image_1778466678658.jpg
就这样，小纯的虫生被毁掉了,"也没有吧！
（以防我变成人森博主发一些存货
#空洞骑士#纯粹容器 ",一条炮灰,1454,112,29,rednote_image_1778466685738.jpg
孩子们我带着表格来了,"极速铲出了一些洞和丝的个人理解..
空白表格可以自行使用但是不要擦掉我的名字好吗..
	
#hollowknight  #丝之歌  #空洞骑士 ",小涸才露煎煎饺,1617,234,48,rednote_image_1778466701428.jpg
❄️,#从零开始的异世界生活 #艾昴 ,VOLTMETER电压表,9506,306,66,rednote_image_1778466707565.jpg
孩子们我带着表格来了,"极速铲出了一些洞和丝的个人理解..
空白表格可以自行使用但是不要擦掉我的名字好吗..
	
#hollowknight  #丝之歌  #空洞骑士 ",小涸才露煎煎饺,1617,234,48,rednote_image_1778466715970.jpg
❄️,#从零开始的异世界生活 #艾昴 ,VOLTMETER电压表,9506,306,66,rednote_image_1778466723262.jpg
,有话要说，快来评论,我会飛,1,0,0,rednote_image_1778466740409.jpg
啥狼和恶系同伴们的日常,恶系重度依赖中……p2还有魔术节目#洛克王国世界 #洛克创作激励计划 #洛克王国世界正式上线 #恶魔狼 #同人 ,爵士乐坛楽屋,15974,1110,285,rednote_image_1778466746019.jpg
早上好，我有这样一张脸,"弹珠oc太有设计感了
#稿件勿用 ",purin,1,0,0,rednote_image_1778466754310.jpg
ㅤ,"make a wish
	
/private commission pls do not use",这份感情是你所给予的馈赠,42167,2198,1899,rednote_image_1778466761045.jpg
人，蜂给你一个念珠,"如果只剩下钱，大黄蜂你还会快乐吗？
蜂：会的（斩钉截铁
#丝之歌#大黄蜂 #变有钱 ",饮露笺,753,69,42,rednote_image_1778466774863.jpg
人，蜂给你一个念珠,"如果只剩下钱，大黄蜂你还会快乐吗？
蜂：会的（斩钉截铁
#丝之歌#大黄蜂 #变有钱 ",饮露笺,753,69,42,rednote_image_1778466783090.jpg
只是拉大便,"我说借我点钱什么叫虽然你也没钱但是你可以现场拉一个
#空洞骑士 带一点 #前骑 要素",Golden _Apple,462,54,20,rednote_image_1778466790823.jpg
翻出之前的摸鱼,摸摸摸#瓦罗兰特 #无谓契约 #暮蝶 #clove #同人产粮节 #瓦罗兰特同人 #摸鱼 ,红豆伊米,0,0,0,rednote_image_1778466799183.jpg
猎手,#丝之歌 #大黄蜂 ,不锈钢宝箱怪,31,1,0,rednote_image_1778466815725.jpg
异色还是…红绒未来？,#初音未来 #洛克王国世界 #红绒十字 #异色 #二创 #同人产粮节 ,伊伊贰,4308,230,115,rednote_image_1778466823259.jpg
以头抢地尔,#空洞骑士 #hornet #小骑士 ,BBAMX,643,42,19,rednote_image_1778466832885.jpg
五颜六色的小虫儿❤️....,"大概是第一期吧嗯对因为家中还有别的炫彩小虫[喝奶茶R][喝奶茶R]
#柴渣虫#萌物 ",乌龙乌,1218,58,51,rednote_image_1778466846030.jpg
,"洛克王国怎么还不出犀角鸟拖把周边
#洛克王国世界 #犀角鸟 #犀角鸟长得牛逼 ",superfunkycalifragisexy,4172,136,333,rednote_image_1778466853080.jpg
我妈收到母亲节礼物后怒了,"上回说到
	
之前妈妈在小公园里
遇上了一位打乒乓球的小学生
两人打了一场之后相谈甚欢
	
妈妈从小学开始
就逃课打乒乓球
这门技艺算得上
炉火纯青、老当益壮
	
刚开始确实把小孩哥鲨哭了
但后来这小孩哥报了乒乓球班
开始苦练童子功
把我妈打输了好多次
	
我妈这个狮子座好胜心极强
每天在家苦练技术
今天是母亲节
小孩哥的妈妈发来了一张图
说是小孩哥最近上了电脑班
给我妈设计的海报
	
妈妈提着球拍冲去公园
狠狠输了8局后
还收到了小孩哥的礼物
是他专门定制的乒乓球
	
小孩哥本意是鼓励
却在不知不觉中
又把我妈刺激到了
面对小孩天真无邪的笑容
我妈只能硬着头皮
挤出笑容表达感谢
	
母亲节
我妈被动快乐中..
	
#日常#日常分享#家人#母女##聊天记录#搞笑对话#抽象#发疯#梗#梗图#母亲节#母亲节礼物 ",鸡飞蛋挞,10390,516,1177,rednote_image_1778466861286.jpg
面试吹大了咋整啊,"在上海看到比较契合的岗就投了
	
现在过了初试约我去复试，对方觉得我和他们团队很契合。他们在软件上岗位职责和我现在的工作一致，但是我聊了之后发现，他们想要的是项目总负责人。
	
我报价是我目前在职薪资翻倍不止[满月R]他们没啥意见，但我慌得一批
#面试#绷不住了
#城市 #职场
#就像一坨屎 ",小徐同学啊,3814,682,380,rednote_image_1778466877496.jpg
闺蜜给我画了洛克王国改脸,我特么的要笑死了 给我的粑粑也画了#洛克王国世界 ,花花neko,8064,414,434,rednote_image_1778466884990.jpg
【丝之歌】这灰沼的“雨”不对劲吧,"那些东西我以为是墓碑之类的[石化R][石化R][石化R]
结果是网住那些丝的
我就说那两个虫在那儿举着望天干什么呢
那个破卷轴说的什么什么过滤残渣什么残渣残渣的，我说哪儿有残渣啊，结果是这些散丝吗
这雨里下的是丝？但又要过滤[呃R][呃R][呃R]
这下的是脏水吗[石化R][石化R][石化R][石化R][石化R]
脏水一直淋我们啊[抓狂R][抓狂R][抓狂R][抓狂R][抓狂R][抓狂R]
头顶也不是天吧[石化R][石化R][石化R]排……排污口？[石化R][石化R][石化R]
	
拿圆过滤器的虫好打
拿五齿钉耙的蚯蚓恶心
	
但是哪儿需要你们举着呢，插在地上不就能滤吗，你们举半天还没那些固定住的滤网接得多
	
#丝之歌#大黄蜂 #大黄蜂有嘴真好啊 ",东西南北中,432,22,47,rednote_image_1778466893265.jpg
,"#all小骑士 #空洞骑士
其实是梗图。然后我是骑嬷好吧",萌妹瘾,384,64,13,rednote_image_1778466907342.jpg
procreate转ps中,手眼分离被现在板子进化的读取速度治好了#oc #随便画一下 ,二宴,0,0,0,rednote_image_1778466915379.jpg
所有人 品鉴哭包绒,"萌掉我两颗血。。
	
增添了一些新绒图！
#洛克王国世界 #绒绒#绒仙子#战令精灵 ",鼠鼠,8182,347,593,rednote_image_1778466922714.jpg
美神降临꜀(˘꒳˘ ꜀),#洛克王国世界 #洛克王国 #粉耳星兔 #粉星仔 #洛克王国特种兵 #洛克王国世界正式上线 #洛克创作激励计划 ,小猫饲养员✨,1376,94,68,rednote_image_1778466939073.jpg
“成长”,#这也太可爱了吧 #画画的日常 #猫咪表情包 #可爱 #可可爱爱的小猫咪 #喵小U #抽象 #漫画 #手绘 ,喵小U,8250,1104,293,rednote_image_1778466945370.jpg
活一下,最近画的  最后一张是之前画的(我以前这么牛逼吗？),咩了个咪,1,0,2,rednote_image_1778466951600.jpg
助产士说的话里被爱着的活泼大黄蜂好可爱呀,"还有隐藏房间里面的织者，是感染瘟疫死掉了吗？还是被大黄蜂打趴下了(就是防止和小骑起冲突的作用)
为什么要付出自己当守梦人的代价，以为会开始激烈的打斗，没搜到教程，忐忑进去，结果赫拉一动不动。
一醒来看见大黄蜂在旁边，真得好崩溃..，怪不得一路上看不见她。
因为白王是神嘛，白夫人是植物
我:它俩手牵手一下能量传递生产容器(？)
白王是神，赫拉是织者
我:它俩手牵手能量传递赫拉怀大黄蜂！
白王起一个可无性杂交的作用(无法想象中)
#空洞骑士 ",ᅠᅠᅠ,410,51,135,rednote_image_1778466956914.jpg
热成像,#空洞骑士 #丝之歌 #丝之歌大黄蜂 ,逃离人类中,2343,167,33,rednote_image_1778466972033.jpg
异色原色全部大毕业。,"想到这么美的兔我有4只心里好舒服[喝奶茶R][喝奶茶R][喝奶茶R]而且都是妹妹，爽爽爽
#粉星仔 #粉耳星兔 #落陨星兔 ",超级喜欢吃生鱼片斯基,557,22,58,rednote_image_1778466979849.jpg
,#绘画 ,空色,1,0,0,rednote_image_1778466985437.jpg
有什么适合当作回礼的精灵蛋,"上周我骑着二代草主在沙滩闲逛，遇到了这个小朋友，他加了我好友以后很礼貌地问能不能让他抓两只我的坐骑，我就带他去抓了。当时我说他如果有啥想抓的可以问我，他说好，不过后来也没再碰面，我以为事情就到此结束了。
今天和朋友牵手刷奇丽草的时候他突然跑了过来，一句话没说先给我送了一个大耳帽兜的蛋，于是我赶紧回了一个粉星仔的蛋。
接着他就想给我送一个上岸蛙的蛋，我谢过之后他就跑开了（p2p3）。
五分钟不到他又回来，再次叮嘱我明天要记得找他拿（p4）。
十分钟左右他再次折返回来，和我约好见面的时间（p5p6）。
从字里行间感觉他应该是个小朋友，我想为了守护这个约定明天就算手机爆炸我也得想方设法登上来找他hhh
所以想问一下，有什么比较适合当做回礼的精灵蛋吗？现在开始准备不知道来不来得及。
	
二编：今晚小朋友不知道为什么没有上线，我给他留了言，等他上线以后会把评论区热心大佬送我的鸭蛋转赠给他。没想到这个帖子会有这么多人看，就留给大家自由讨论啦[派对R][派对R]
#洛克王国世界 ",柴可夫司康,467,90,488,rednote_image_1778466992121.jpg
［精灵日记］菇一直送我礼物我一直哭,"起因是想给自家爱分享的怖哭菇改个名字。
平时我不太爱锄大地，虽然组了爱分享队但不太用，今天刷异色刷累了，突发奇想，准备给带在编队里的孩子们都起个名。
前面孩子们改名都很顺利，基本摸几下就弹提示了，轮到菇了，挖第一个矿的时候就跳出了摸摸头，摸了以后，孩子给我塞了个小包裹。
那一刻还是很惊喜的，毕竟我平时基本不太用这个编队，孩子们的好感度都很低，我又点进菇页面摸了摸他，带着他去下一个矿。
又是摸摸头，又是小包裹。
我逐渐开始意识到不对了，菇平均挖两个矿就会弹一次摸摸头，平均两次摸摸头就会给一次礼物，他不问我要礼物，就一直给我塞，一开始包裹里还有三四样东西，后面就变成了一样两样，粉尘，矿物，一点洛克贝，菇就这样一股脑儿往我怀里塞。
现在菇好感已经四级了，还是没有弹出改名页面，矿都快挖完了，刚刚带他撞了一棵可可果树，他在我身边绕了一圈，让我摸他的头，然后往我身边放下了三个可可果。
我在想，是不是因为我平时不锄大地，今天突然开始锄，让菇觉得我缺材料了？
菇，其实我一点也不缺，我刷异色刷的包里都是果实和球，下午还刚刚结算了好几千万的洛克贝。
我只是突发奇想想给你改个名字，甚至我抓你也只是因为我在刷异色，我留下你也只是因为你有爱分享的特长。
但是这一刻，我真的感觉，有羁绊链接在了我和屏幕那头的你身上。
谢谢你菇，明天我们也一起去锄大地吧。
	
二编：喜报！此菇终于问我要礼物了！要的是我最多的瓶装快乐，小心翼翼要了一个，诶呀宝宝……就算你要瓶装幸运要十个我都会给你的……
	
三遍：此菇现在叫心心！在又给我塞了五个包裹后小心翼翼问我要了一朵向阳花……一朵……呃啊宝宝你可以多要的呀……
以及我还写了一些和别的精灵的故事，有兴趣可以去主页看看，故事好多好多，我想我会一直写下去的……
#洛克王国世界 #怖哭菇 #我一直哭 #洛克王国手游 ",月熊..锄地中..,10774,623,857,rednote_image_1778467005476.jpg
哦哦。,#恩雪 #摸鱼 联系一下这个光影可以给我改图xx,噶哒噶哒蛋仔不灭我们不弃,75,3,6,rednote_image_1778467013174.jpg
现出原形,"要和伊里斯一起去完成好多好多冒险！！
#洛克王国世界 #洛克王国世界激励计划 #伊里斯 ",老Hana_,5372,244,22,rednote_image_1778467048415.jpg
穷养儿富养女,"还没画完＊但是对不起伦纳德哈哈哈哈哈哈哈
#绘画 #奥黛丽 #曼奇立德 #曼奇立德21天打卡计划 #诡秘之主 ",非良性循环,3615,135,19,rednote_image_1778467057898.jpg
没人觉得这个歪头很萌嘛！,#空洞骑士 ,知云,906,63,58,rednote_image_1778467072840.jpg
黑短脚鹎,"鹎凝中
#请文明观鸟 #请不要使用无人机拍鸟 #野生鸟类 #黑短脚鹎 ",你康刀锐奶化,0,0,0,rednote_image_1778467083615.jpg
无性别倾向的菇拟人,#洛克王国世界 #怖哭菇 #怖哭菇拟人 ,ifuybb,42152,2415,842,rednote_image_1778467089868.jpg
怎么没人给理工女赋魅！,"怎么没人给我赋魅呢
怎么只夸理工男，不夸我们理工女呢[坏笑R]
	
审核大大，手下留情！！！
	
审核大大，手下留情！
#理工女的浪漫 #工科 #宝宝辅食 #帅哥 #男大 #女大 ",兔子..（已死版）,27929,900,2634,rednote_image_1778467096234.jpg
要掉下来啦！！,（没有任何小容器或者小牙牙乐收到伤害请放心——）#空洞骑士 #丝之歌 #空洞骑士丝之歌 #虚空姊妹 ,不知名曲奇,494,39,44,rednote_image_1778467112077.jpg
,有没有老师让我抓一下这两只[皱眉R] ,YHZ慧,0,0,0,rednote_image_1778467118169.jpg
很早就想说了,"这个曲子的原唱是东横小孩 这个群体大部分是被家里抛弃所以去牛郎店之类的地方逃避现实 歌词中的衣原体感染就是感染梅毒 是染⭐️病的意思知道吗
我不知道这首歌是怎么火的 但无论是从其歌词出发还是从其内核的悲惨出发我都觉得这首歌不应该被娱乐化到这种程度
闹剧何时停止……
#昇天time #升天time ",清随随随随,9338,394,1138,rednote_image_1778467126282.jpg
免服-咪咪咪,"咪咪
咪咪咪
	
#无偿 #免服
#粉fo #猫猫头 #jk #夏日穿搭 #服设 #情侣免服 #服装设计 ",沉默的木鱼777,25284,6069,816,rednote_image_1778467134791.jpg
,爱评论的人运气都不差,..,35787,1159,346,rednote_image_1778467155633.jpg
o.O,我说白了，谁e这了,满月,1677,54,1215,rednote_image_1778467162220.jpg
漫展送这个无料会不会显得很廉价。。,第一次出cos 无料不知道送什么好。不知这些老师们喜不喜欢。。然后只送手绘无料会不会很少 问问大家还有没有意见！..#无料 #第五人格 #漫展无料 #手绘 #求助 #先知 ,洛,6766,386,1231,rednote_image_1778467168763.jpg
一个合集的发,"都是龙龙碎碎，零零碎碎摸的全都发发
#龙碎 #龙吟 #碎梦 #逆水寒 ",一般通过橘橘子,4898,262,26,rednote_image_1778467175679.jpg
绒绒不可以！！..,"那是….那是小洛克花了1500的光合球砸出来的….
#洛克王国世界 #洛克创作激励计划 #洛克王国世界正式上线 #绒绒 #奇丽草 ",八月玉子,1931,60,29,rednote_image_1778467183427.jpg
补一下我的小骑士的虚空聚焦形态,"虽然用不太上
	
#空洞骑士 ",暗羽,639,64,20,rednote_image_1778467198878.jpg
新人入职第二天，还是跑路了..,"昨天新来一个小姑娘，入职第一天直接被公司规矩整得两眼一黑又一黑。
每天要四次打卡，少一次直接扣50；
早上还要形象拍照打卡，漏一次扣100。
着装要求严格，不能穿休闲、不能穿运动鞋板鞋，必须正式穿搭。
离谱的是要求这么严谨，中午还要集体跳“第七套广播体操”..
穿着小皮鞋跳广播体操哈哈哈哈哈哈
新人下班偷偷问我：咱们平时加班多吗？
我老实说：完全不加班，到点就走。
内心OS：老板眼里加班属于浪费公司电。[暗中观察R]
本来以为她第一天见识完规矩第二天肯定不来了，
结果居然为了不加班妥协，第二天准时到岗，
还带了小摆件布置工位，人事都觉得这下稳留住了。
谁知道早上在工位吃了口早饭被提醒了，
姑娘直接心态崩了，拿起自己的小摆件，果断跑路..
规矩一堆、抠门压抑，一点人情味没有
只靠不加班留人，终究还是留不住人啊！
真是规矩离谱又极度抠门
#职场离谱日常 #新人入职跑路 #找工作避雷 #奇葩公司大赏 #打工人真实经历 #入职即离职 ",牛马碎碎念,338,17,195,rednote_image_1778467205535.jpg
补一下我的小骑士的虚空聚焦形态,"虽然用不太上
	
#空洞骑士 ",暗羽,639,64,20,rednote_image_1778467213488.jpg
新人入职第二天，还是跑路了..,"昨天新来一个小姑娘，入职第一天直接被公司规矩整得两眼一黑又一黑。
每天要四次打卡，少一次直接扣50；
早上还要形象拍照打卡，漏一次扣100。
着装要求严格，不能穿休闲、不能穿运动鞋板鞋，必须正式穿搭。
离谱的是要求这么严谨，中午还要集体跳“第七套广播体操”..
穿着小皮鞋跳广播体操哈哈哈哈哈哈
新人下班偷偷问我：咱们平时加班多吗？
我老实说：完全不加班，到点就走。
内心OS：老板眼里加班属于浪费公司电。[暗中观察R]
本来以为她第一天见识完规矩第二天肯定不来了，
结果居然为了不加班妥协，第二天准时到岗，
还带了小摆件布置工位，人事都觉得这下稳留住了。
谁知道早上在工位吃了口早饭被提醒了，
姑娘直接心态崩了，拿起自己的小摆件，果断跑路..
规矩一堆、抠门压抑，一点人情味没有
只靠不加班留人，终究还是留不住人啊！
真是规矩离谱又极度抠门
#职场离谱日常 #新人入职跑路 #找工作避雷 #奇葩公司大赏 #打工人真实经历 #入职即离职 ",牛马碎碎念,338,17,195,rednote_image_1778467220736.jpg
摸鱼,"#摸鱼 #纸绘 #我的随手画
？",flos,0,0,0,rednote_image_1778467235460.jpg
以防你没见过开朗属性的忽幽狸,好猥琐的表情#洛克王国世界 #忽幽狸 ,星星收藏家,3861,167,472,rednote_image_1778467240780.jpg
惊世智慧,#哆啦A梦 ,Hwei,11445,750,193,rednote_image_1778467249438.jpg
,留下你的想法吧,京都雪,807,15,90,rednote_image_1778467261849.jpg
pdd平价自搭分享～附..,#便宜衣服贵贵穿 #平价穿搭分享 #超会穿企划 #穿搭合集 #学生党平价穿搭 #pdd购物分享 #自搭套装 ,人形钉,7582,3052,83,rednote_image_1778467280627.jpg
还要赌吗..,上个雪熊异色炫彩真的很丑 纠结..,奈斯,1039,46,1553,rednote_image_1778467290365.jpg
神秘的透视,"#圆珠笔手绘 #我的随手画 #魔法少女小圆 #魔圆 #手绘 #巴麻美 #麻美学姐
在学校凭记忆画的麻美，有些服饰画错了请原谅[偷笑R] ",神经汐汐,17333,1560,194,rednote_image_1778467297194.jpg
拼好人day7,"好累蚂蚁老师你在直播里加了什么。
#速写蚂拉松 @自在涂形堂 ",大拖鞋,27855,6563,37,rednote_image_1778467311609.jpg
累～死～我～了～,真是妈妈的孵蛋好宝红绒#摸鱼 #洛克王国 #洛克王国孵蛋#洛克王国世界 ,花花,7589,407,894,rednote_image_1778467318195.jpg
也许，露萌是只胆小帕尔,长得一模一样！,星,4548,179,107,rednote_image_1778467325482.jpg
我宣布这是洛克王国最好看的炫彩,"萌之萌之[皱眉R][皱眉R]还是刷空空颅歪出来的
色卡在评论区，虽然但是真的很像白蓝！
白蓝色太仙了[棒R]
#洛克王国 #洛克王国世界 #粉星星 #异色 ",蛋蛋超,1609,59,441,rednote_image_1778467337744.jpg
...████-chan?,#魔法少女小圆 #焰圆焰 ,Avanes_D,38977,2556,178,rednote_image_1778467346889.jpg
执事不可以对大小姐动情,#祈缘 #王者荣耀 #少司缘 #大司命 ,珠海公公,20634,947,119,rednote_image_1778467353492.jpg
,留下你的想法吧,Junnnnne..,37475,3551,356,rednote_image_1778467363474.jpg
彩虹糖pro,"搬，混更来的……
	
#光遇 #oc #稿件展示 ",是喵无,4524,250,23,rednote_image_1778467376911.jpg
洛克王国小众轻奢感头像（4）,"本日的受害者，审美积累栏目每天六点不准时更新
大家还有什么想看的请继续提名吧！！下一期还会继续积累，谢谢大家喜欢，我尽力画多一些！！
依旧头像表情包等随意，都可以用！
#洛克王国世界 #洛克王国世界正式上线 #洛克王国创意大师 #洛克创作激励计划 #审美积累 #头像 #老师我的雪影异色好像有点奇怪 ",苹果小北,1448,224,198,rednote_image_1778467383754.jpg
入世,#一人之下 #王也 #同人 ,稻吉卯上,2239,118,41,rednote_image_1778467391163.jpg
蓝喉拟啄木鸟｜多巴胺小鸟干饭记录,"中科院植物园能源植物园的蓝喉拟
真的很漂亮！
整个园子都是它们的叫声
#请文明观鸟 #请不要使用无人机拍鸟 #版纳观鸟 #蓝喉拟啄木鸟 ",OWL_Miao,0,0,0,rednote_image_1778467396654.jpg
称号「小喵好小人坏」,在学院驻地路易斯商店右上角，一个小女孩和喵喵，对话之前提前准备好阵容[捂脸R]说两句话就开打了，对方是鸭吉吉獠牙猪蒲公英，老样子迪莫直接干[立马暴富] ,禾合,5019,2888,78,rednote_image_1778467407108.jpg
夏日穿搭✖️10,#少年感穿搭 #中性风穿搭 #帅气穿搭 #二次元穿搭 #轻亚穿搭 #y2k #夏日穿搭 #叠穿 #穿搭合集 #一周穿搭不重样 ,大萝卜头,1735,740,25,rednote_image_1778467422968.jpg
夏日穿搭✖️10,#少年感穿搭 #中性风穿搭 #帅气穿搭 #二次元穿搭 #轻亚穿搭 #y2k #夏日穿搭 #叠穿 #穿搭合集 #一周穿搭不重样 ,大萝卜头,1735,740,25,rednote_image_1778467428641.jpg
完全可爱,"好喜欢妹妹头
#洛克王国世界 ",三个字的名字,16,1,2,rednote_image_1778467435160.jpg
..白石景之自印证件照分享,"这两天应该可以全部做完
原图下方自取
#白石景之 #项圈恶意 #collarxmalice #日乙 #证件照 #美工 ",Jynna,3,2,0,rednote_image_1778467444653.jpg
,#绘画摸鱼 ,莉萌,0,0,0,rednote_image_1778467460454.jpg
不同披风的橙汁耐受度,#空洞骑士 好诡异啊哈哈为啥在意这个（？）好像有橙汁夸张化表现呃有一点#前蜂 ,告解基督,614,58,4,rednote_image_1778467469037.jpg
,"本人情况是跑一两百米就要喘 有点贫血 上七层楼很慢很喘（住在七楼） 四肢都没有什么力量 bmi20.7 体能相当差相当无力的一个人 但是想改变自己 请问我这种有点虚弱的女生应该从哪一步入手呢#健身先健脑 #健身 健身入坑指南 #健身人健身魂 #有氧还是无氧 #增强肌肉力量 #健身小白 #健身就能改变人生 #提高运动表现 #正确的运动方式
	
二编：谢谢各位老师 不是非要健身 只是想增强点体质 因为太虚弱了免疫力也很差 大家的建议我会认真看的！
三编：打羽毛球可以吗 我还挺喜欢打羽毛球的 就是跑正常大小的球场几个来回就会累的不行 只能在室外随便打几拍能打久些",momo,5489,4874,526,rednote_image_1778467474021.jpg
左滑查看此女衣橱,"柔柔第二期[大笑R][大笑R][大笑R]
#小马宝莉 #马圈 #我的小马驹 #彩虹小马 #小马宝莉绝对混沌 #小马国女孩 #柔柔 #小马宝莉马设 ",萍琪派,2810,357,17,rednote_image_1778467487794.jpg
,让我们都变成幸福大王*･゜ﾟ#随手记录美好 #春天当然要拍花 ,别抢我纸巾,1,0,0,rednote_image_1778467495835.jpg
走慢点啦～,#洛克王国世界 #洛克创作激励计划 #跟着洛克王国跑遍全国 #洛克王国世界正式上线 ,鹿砸..,2894,162,41,rednote_image_1778467502693.jpg
刚刷到，有点破防了,"一路追随劳斯这么久。后来觉得劳斯的画有点僵硬（？但是我一直以为是处于一个瓶劲期的过程吧。使用3d不是很早的事了么。使用ai辅助绘画也是大趋势啊，我学美术的朋友之前也和我讲过以后ai是大方向是不可能用不到的。关于借图参考。。。拿的图万一是不知道原出处就拿了画了呢，知道出处后标明就好了呀实在介意就删呗。而且劳斯也说过不混圈啊。。。
说是这么说，但是我还是有点失落的。因为我也抵制ai，就很矛盾。当我朋友和我说起ai辅助的时候我还是会愤愤不平。但没想到这样矛盾的局面会出现在我喜欢多年的劳斯上。
劳斯，你可是我一部分的xp启蒙。有直播我就会看，有视频我就投币。文学城开了我就看。你的课我曾经还想报班上呢[哭惹R]
不要啊。。。。。。。。。
（不是洗白，单纯疑惑orz[哭惹R]#画画 #人体骨架 #人体骨架老师
二编：ai那个我认了。但是别的什么那个圈有米就画哪个还有什么老开腔那些别乱说好吗。。不老老实实了解一段时间的东西就别乱说。该批判的批判。
三编：我累了。。那些说我还爱她的然后阴阳怪气的评论我删了。我喜欢她有五年六年了，断绝不是很容易的事，走出来要时间的（）",閉關老頭,2595,410,549,rednote_image_1778467508780.jpg
小草的颜色,"小草！什么颜色的你都很好看！
#洛克王国世界 #洛克王国手游 #洛克王国世界创作者激励计划 #奇丽草 #奇丽草异色 #二创 ",TRA,3830,161,148,rednote_image_1778467525500.jpg
我该怎么办,"#进厂打工 #离家近的工作 #工作选择
女 ，98年  ，27岁    ，未婚",momo,380,94,295,rednote_image_1778467534832.jpg
,有没有人跟我讲讲最近网易发生了什么事[石化R] ,WinSha_,3200,954,629,rednote_image_1778467542809.jpg
,尝试画了整个脑袋#绘画 #日常绘画 ,会心,0,0,0,rednote_image_1778467550189.jpg
,薪资对应届生来说还算不错，领导是好领导，同事也是好同事，但总有紧急事项，时常感到burn out，工作强度和节奏不具有可控性。常常怀疑自己是不是效率低下、能力不强，不能适应大厂的快节奏，每天在岗时长10小时+，都不能处理好工作，还把自己搞得身心俱疲，休息的时候只想躺平，对任何事都提不起兴趣。或许不是一两个人、一个部门的问题，或许是制度、是大环境，公司疯狂压缩人力成本，一个岗位要承担三个人的工作，每个人都可随意被替代，所以不能没有成果，更不能犯错。#应届毕业生 #当代毕业生现状 #离职的原因 #入职即离职 ,奔流,386,77,180,rednote_image_1778467564789.jpg
画加也没考上，好崩溃,"米画师和画加来回投了几十次，评语都没带变过的，焦虑死我了我真的要哭了
#画加#画师认证 #米画师审核 #义诊 ",羽林,2625,94,168,rednote_image_1778467570849.jpg
以防有人不知道我莫名其妙有三个奇丽草异色,一共才开五六个首领蛋出了两个异色首领 然后抓四五只粉耳兔出了一个奇丽草污染又是异色 这个奇丽草缠上我了吧,请设置2-24个字符,198,11,205,rednote_image_1778467580168.jpg
可爱到想来两拳,#榊游矢 ,狂热的狗舌,2748,122,43,rednote_image_1778467588843.jpg
世界是一个巨大的草台班子,"无意间刷到一个24万的评论区、360行[可怜R][可怜R]行行要我命啊
衣食住行都有雷点。准备整理出word逐件避雷。",momo,3393,689,499,rednote_image_1778467603900.jpg
五天假期为何弹指间灰飞烟灭…,"【全都是】很久以前的存图发一下 不知道何年何月来的基本都调的光过曝了；大家小心保护好自己的眼睛（逃离）
	
假日时光怎么如此转瞬宜逝，女孩你当速速去还债。ʕ ˙ᴗ· ʔ
	
#人生最苦痛的是睡醒了无路可以走（吗）",小狗绕着融化的糖打转,646,28,8,rednote_image_1778467611967.jpg
如题,人可以在一个细腻的塑造好的东西上加上又黑又抖的黑线吗#绘画 #ai绘画 ,momo,3549,118,426,rednote_image_1778467620600.jpg
小纹,速写练习速写#ben10 #田小纹 ,路人A,1251,249,14,rednote_image_1778467634443.jpg
拼豆,美翻了##我染上了拼豆 #拼豆 #白雪公主 #万物皆可拼 ,歖。,4139,1396,180,rednote_image_1778467641226.jpg
洛克，进来看猫,#洛克王国世界 #猫猫猫猫猫猫 #猫#小黑猫#小咪#咪咪#小黑猫 ,嗯呢,6315,441,291,rednote_image_1778467646975.jpg
,奇丽草素质低,一零,401,14,78,rednote_image_1778467655419.jpg
拉特你到底有其他表情不,全是大眼呆滞面瘫男宝！,Momo,2392,124,1855,rednote_image_1778467671667.jpg
最喜欢的三只精灵,#洛克王国世界 #落陨星兔 #恶魔狼 #绒仙子 #摸鱼 ,秋葵,2410,99,60,rednote_image_1778467680414.jpg
很可爱的发型,#光遇 #发型 ,single,3,0,0,rednote_image_1778467688974.jpg
哪有小孩一直输,第一回碰见野生炫彩，熊狼混刷出的，居然还是恶魔狼！不枉我1000捕光球才出异色狼[哇R][哇R][哇R] ,我知道你不知道我知道,503,25,384,rednote_image_1778467694108.jpg
全世界都趁我不在欺负我的卤蛋,"#摸鱼 #洛克王国世界 #恶魔叮 #犀角鸟 #恶魔狼 #护主犬 #oc #无法上吊之物 #发霉的汤圆
都是给朋友拟的",cn尘尘子,3947,149,54,rednote_image_1778467711087.jpg
不会只有我一个人一颗棱镜球都没有了吧！,"快告诉我我不是一个人！！！！！
[扶墙R][扶墙R][扶墙R][失望R][失望R][失望R][哭惹R][哭惹R][哭惹R][叹气R][叹气R][叹气R]#洛克王国 #棱镜球 #攻略 ",碎碎念..,581,39,964,rednote_image_1778467718025.jpg
随橙想呢,黑色圣诞树变成白毛恩佐了#恩佐 #洛克王国世界 #摸鱼 ,莫离,201,13,8,rednote_image_1778467731485.jpg
又在幻想异色小黑猫的事,"现在是，幻想时间
#洛克王国世界 #洛克王国黑猫巫师 ",郁々,5734,201,260,rednote_image_1778467744237.jpg
画一半,画一半……其实没有那么多(*꒦ິ⌓꒦ີ)#半成品 #绘画分享 #OC ,零宝世界第一萌,2,0,0,rednote_image_1778467752598.jpg
好好放个假不行吗,"发明调休的我要掐4️⃣你
学校真缺这一天的课吗。公司真缺这一天的营业额吗。劳动岗缺这一天社会就不运行了吗。
为什么周五结束是周二！为什么刚上完一天又是新一周了！谁把我上四休三的生活偷了！
求穿越回不调休的时候[微笑R]
#调休 #假期 #五一 ",Z.,26549,502,1900,rednote_image_1778467758129.jpg
,"浙江宁波居住满半年了，去问了办居住证需要满足4个条件的其中一个，
1.有房产证
2.有营业执照
3.有社保
4.有劳动合同
我都没有，怎么才能办居住证？",..,171,139,187,rednote_image_1778467772937.jpg
画了S1很神圣的简笔画...,"（发出满意的声音
#洛克王国世界 #洛克王国 ",饭否否,3286,375,156,rednote_image_1778467782078.jpg
,有话要说，快来评论,Junnnnne..,37476,3551,356,rednote_image_1778467798371.jpg
,有没有这种发型的角色(๑'ᵕ'๑)⸝*,あっヅ,5526,501,460,rednote_image_1778467814159.jpg
可以是红色可以是绿色，为什么是红配绿色,好不容易是个小不点，颜色简直是掺..#洛克王国世界 #异色拉特 ,希乌,1,0,1,rednote_image_1778467821292.jpg
因为不会画侧眼所以练习了,"有错误欢迎来指正！如果有需要参考和收藏也大欢迎！
#眼睛画法 #画画练习 #绘画 #眼睛教程 #绘画教程 #眼睛素材 #日常绘画
二编：存图/临摹完全没问题！转载需标注，最好不要直接描，对提升没有任何帮助，需要加入自己的思考哦୧(´▽`★)୭有一些不好的评论会删，练习是因为感觉画面达不到想要的效果仅此而已",想吃薯条,28510,10731,94,rednote_image_1778467829984.jpg
一种很好品的亖法,"这种亖法就是含住有毒的辣椒然后应激窒息循环衰竭死亡
这个对于君对臣那种有旧情但恨大于爱的（可能臣是）尤其是犯上作乱，皇家兄弟更是……
这种亖法比较少见，但是最有名的例子是出自皇家。
1.它是一种无声无息的死法，死者既不会流血也不会残缺，悄无声息的窒息，不同于斩首等对外的肉体羞辱，Q/S=旧情。而且st外观较为好看。
2.物理禁言+精神禁言。会使喉头水肿，从始至终发不出声音，没法辩解。也是为了防止冤魂诉冤。
3.椒房之宠。古代会以花椒涂抹墙壁，以示恩宠。也可以说是君的另一种感情映射。恩宠与死亡并生
4.折色制度。折色制度是指以花椒等物来抵换俸禄（大米）。表达永远是臣子，而并非君王。
5.倘若他生前还整治过相关的花椒，是另类商鞅（不是
是用身份掩盖杀戮，用恩宠包装惩罚。这是一种彻底被剥夺，死都被定义的处罚，被控制欲占满的告别。像一场华丽的告别，既有灼伤之苦，也有宠爱，象征着占有欲和昔日种种。#什么都磕只会害了你 #什么都嗑只会让我营养均衡 #君臣 #历史同人 #花椒 ",瑜我所钰也,8641,2465,249,rednote_image_1778467835945.jpg
一次性释放大量萌物,"好久没营业了？！
感谢老板们的信任- ̗̀ ෆ( ˶’ᵕ’˶)ෆ ̖́-
#splatoon #稿件展示 ",小火厨房,2422,228,72,rednote_image_1778467849444.jpg
,#随便画画玩 ,罗格娃,0,0,1,rednote_image_1778467856948.jpg
一起双马尾！,"miku新的mv全员双马尾太萌
#崩坏星穹铁道 #列车组 #崩坏星穹铁道星期日 ",海盐离子茶,19605,1457,184,rednote_image_1778467866323.jpg
爽哉啊爽哉！,"依旧三标法！ win！五一假期的惊喜嘿嘿
黄绿配色美滋滋 太漂亮了 还是只公兔子 爽哉爽哉
之前陆陆续续投了有1500个条件球 美滋滋
#忍不住拍照记录 ",小羊不烤地瓜,172,5,17,rednote_image_1778467883539.jpg
萌物番咋了？,"btd致歉
萌物番互助来 在线秒回#萌物番 #互奶 ",Rainy（珉奎回复版,0,0,1,rednote_image_1778467890098.jpg
格里芬对恩佐太包容了。,"#洛克王国世界 #恩佐学长
芙蕾雅都说了格里芬可以阻止恩佐，但他没有这么做，只是讲了些不痛不痒的试图挽留……甚至事情都发生了，这老头一点生气的意思都没有，甚至还在替他找借口，洗白恩佐。又是前尘往事又是看日记的……总之就是：“我家恩佐其实挺乖的，他以前不是这样的……”
给我看呆了呀。",阿鸾鸾鸾鸾鸾鸾鸾,457,24,128,rednote_image_1778467896048.jpg
展示爱宠,#柴渣虫 ,九九,1609,34,253,rednote_image_1778467904708.jpg
光遇头像⑲,"狂欢季来了，画[马上转运]
后面可能暂时不画这个系列了[超喜欢R]
准备画点别的[立马暴富]感谢各位捧场[我滴马呀unlock][我滴马呀unlock]
#光遇 #光遇头像 #光遇绘画 #画画 #简约头像 #光遇白凫 #光遇巧思编导 #光遇平头 ",梦中月,2649,186,41,rednote_image_1778467921658.jpg
✨,#洛克王国世界 #绒仙子 ,另一个房间,2373,194,48,rednote_image_1778467927628.jpg
,上海租房 #宠物友好 #铲屎官租房 ,音乐狍子,39,13,1475,rednote_image_1778467935514.jpg
第一天 小猫咪,#闲的没事干所以画画 #如果历史是一群喵喵设 #画就对了 #来点不一样的画风 #闲着没事随便瞎画画 #画画日常 #日常绘画 #拿起笔就能画 ,薯薯学画画啦,0,0,0,rednote_image_1778467942239.jpg
肋骨,"男孩子们开始发力。........
#雷古 #雷格#来自深渊 ",荒..,2473,137,51,rednote_image_1778467956210.jpg
真的没人觉得很像吗..,"第一天玩的时候看到这个东西脑子里就想到这个表情包，虽然知道是猫头鹰，但是一旦看成青蛙就回不来了
	
#我这狗屎般的笑点 #只能说一模一样 #妈呀太像了 #简直一模一样 #就说像不像 #一旦接受了这个设定 #洛克王国世界 #洛克王国宠物 #抽象表情包 ",Debussy,14106,547,1388,rednote_image_1778467963360.jpg
人，猫的世界在下雨,#这也太可爱了吧 #画画的日常 #猫咪表情包 #可爱 #可可爱爱的小猫咪 #喵小U #抽象 #,喵小U,3533,613,113,rednote_image_1778467971590.jpg
一岁一年，如“七”而至,七周年快乐！#和平精英 #和平精英七周年 #和平精英越打越年轻 ,安眠曜,414,7,5,rednote_image_1778467979205.jpg
春夏清新氛围感..水波纹褶皱托特包答满分,"自带清透感的水波纹皮料
触感好治愈
自然褶皱自带松弛感
上身就是随性
清透薄荷绿像冰镇薄荷汽水
带降温buff  把春夏的清爽感焊在身上
奶白色好温柔
韩系氛围感拉满
日常通勤、周末出游都够用
搭T恤、连衣裙、衬衫都适配
春夏氛围感的密码  轻松破译✌..
	
#最爱的包包 #平价包包 #偏爱小众包 #适合夏天背的包包 #小众平价包包 #上班背的通勤包 #高级感包包 #通勤包包春夏 #质感包包 #高颜值包包 ",准备上岸的钱一波,198,56,21,rednote_image_1778467996490.jpg
毛头小蛛印象服,"没想到会给洛克王国拉磨…
刚听说的时候不以为意，被朋友拉着玩了一下以后直接上瘾啊啊啊啊
宝宝好可爱，对这个宝宝一见钟情了
	
顺便洛手我想要长裙我不想看女号穿那超短裙了！！！
更不想看那个下跪动作，古代到国破家亡的地步了那人找颗歪脖子树吊亖都不能敌人跪下吧！咱洛手输个比赛就跪了这对吗，给敌人跪在我眼里是比较严重的事情…咱游戏还有孩子玩呢啊啊啊…（因为这个都不想打pvp了，快改了吧…）
#服设 #洛克王国世界 #毛头小蛛 #绘画 #绘画日常 ",我叫山云,4854,171,182,rednote_image_1778468005453.jpg
蹦蹦,母亲节滑铲一下母女#空洞骑士 #丝之歌 #丝之歌大黄蜂 ,逃离人类中,120,3,5,rednote_image_1778468012698.jpg
一些赠图和委托,#狗狗 #苏俄猎狼犬 #萨路基 #陕西细犬#OC #兽设 ,羊狗,1578,105,58,rednote_image_1778468026890.jpg
就这样一直画洛克无偿改脸,"画着画着突然发现男洛克好少|ω・）
#洛克王国世界 #洛克王国手游 #洛克王国 ",秋谷祁,1533,135,327,rednote_image_1778468035677.jpg
,好适合粉粉星的炫彩配色[哇R][哇R][哇R] ,艽,8,2,29,rednote_image_1778468049246.jpg
,厚图#原创指绘 #练手 #自设 ,意&南祁,1,0,3,rednote_image_1778468055546.jpg
如果把成语里的小换成大的话…,"就会很嚣张啦！
#这也太可爱了吧 #画画的日常 #猫咪表情包 #可爱 #可可爱爱的小猫咪 #喵小U #抽象 #漫画 ",喵小U,10685,1535,636,rednote_image_1778468062838.jpg
画腿本当上手day2,"你们不要再笑这些丑图了这几张图是我拿命画的。。。。。。。。
#速写蚂拉松 @自在涂形堂 ",大拖鞋,14365,1621,90,rednote_image_1778468071356.jpg
我这么会捏x3,"P1和p2是亲友，p3我自设。
#捏脸 #人森 #人森捏脸 #朋友收集梦想 ",某泉野,4387,464,36,rednote_image_1778468088264.jpg
,谁能为他画上眼睛填上色呢？我想看看它有色彩的样子,竹韵,1,0,0,rednote_image_1778468094766.jpg
洛克王国异色换稿第二弹,草稿吃吃,小呆毛,1,0,1,rednote_image_1778468101446.jpg
桃金娘姓桃吗,桃金娘智商高 桃金娘造火箭 桃金娘读博士,Rush,1812,29,12,rednote_image_1778468110796.jpg
一堆..做的美甲,洛克王国精灵蛋主题美甲设计#创意美甲 #洛克王国世界 #洛克王国异色 #洛克王国手游 #洛克王国精灵 ,伽拉,3675,1038,357,rednote_image_1778468125614.jpg
反正也不会火,#二次元 #摸鱼 #线稿 #随便发发反正也没人看 #反正也不会火 ,Cc,8496,511,57,rednote_image_1778468131396.jpg
反正也不会火,#二次元 #摸鱼 #线稿 #随便发发反正也没人看 #反正也不会火 ,Cc,8496,511,57,rednote_image_1778468137395.jpg
治愈兔异色改色- ̗̀ ꪔ̤̥ꪔ̤̮ꪔ̤̫ ̖́-,"原画师：@迪狗苟
#洛克王国世界 #治愈兔 #异色治愈兔 #治愈兔异色   #洛克王国世界正式上线 #洛克王国创意大师 ",水消失在水中,3072,303,45,rednote_image_1778468145440.jpg
,#洛克王国oc #洛克王国世界 #粉粉星 ,ピンク星,1254,53,31,rednote_image_1778468160062.jpg
遥远的梦..,"Artist：p0ny.planet
#mlp #小马宝莉 #苹果嘉儿 #aj #applejack #苹果杰克#同人 ",Chl_oeee,11773,662,126,rednote_image_1778468168632.jpg
,"当我好不容易画出我觉得好看的头时（眼睛虽然有点奇怪，但是我不会改了。..）（其实也是一般的不会画身体啦..........
	
当然由于我都是自己瞎画的，比例应该不对嘻嘻，但只能画成这样了",UAN,3,0,0,rednote_image_1778468176235.jpg
此萌物可以完美融入所有图②,"又画了三只，还想看哪些宝宝
	
（背景来自网络）
	
#洛克王国世界 #洛克创作激励计划 #洛克王国世界正式上线 #洛克王国创意大师#跟着洛克王国跑遍全国 #带着精灵去旅行 #Q版 #此萌物可以完美融入所有图 ",废画小咪,1047,137,23,rednote_image_1778468182600.jpg
好奇怪但是不会改。,水印起到一个，装饰的，作用#绘画 #感觉怪怪的 ,Pray,0,0,0,rednote_image_1778468198992.jpg
第一次画真人拟二,....#云影也不想画 #妹妹 ,晞芙,5,0,3,rednote_image_1778468204939.jpg
小魔女qwq,"这个比例一直有问题我懒得弄了orz
#oc ",小愿真霸气,7,0,4,rednote_image_1778468215095.jpg
郁金香..,#曼奇立德21天打卡计划 #曼奇立德@曼奇立德 ,大眼镜妹,1,0,2,rednote_image_1778468223785.jpg
不想画脸了。。。怕把她毁了,#随便画画 #画画日常 #随手画 #闲来无事就画画吧 #半成品 ,淮.,3,1,2,rednote_image_1778468232584.jpg
思索,#一人之下 #张楚岚 #画画 ,而你的呼吸过于沉重,2806,108,29,rednote_image_1778468249123.jpg
思索,#一人之下 #张楚岚 #画画 ,而你的呼吸过于沉重,2806,108,29,rednote_image_1778468255261.jpg
,"觉得自己讲的故事很好懂然后被朋友无情打击
也有可能是画得太烂（…",ᅠᅠᅠ,347,45,21,rednote_image_1778468268398.jpg
被跳蚤游戏卡住怒画番外,"众所周知
丝之歌第三幕怪很难
所以如果不升满钉
打起来会比较吃亏
所以我决定先打跳蚤游戏
但众所周知
我打跳蚤游戏很菜
所以我恐怕得花一段时间在这个上面了
就随便画点番外吧
	
#空洞骑士 #空洞骑士丝之歌 #丝之歌 #游戏 ",暗羽,618,53,44,rednote_image_1778468282229.jpg
,留下你的想法吧,一锅年糕,74,3,476,rednote_image_1778468290649.jpg
点进来看反差,"#试图挽回形象
猜猜哪个是先画的[偷笑R] ",......,0,0,0,rednote_image_1778468297646.jpg
,爱评论的人运气都不差,安和桥,36,3,107,rednote_image_1778468310556.jpg
严正声明,"季林这个设子严格来说是找@林南栀 要来的古风设定改成现代设定供养来的。没有构成任何抄袭/侵权的可能性。如果真的有看到比我们创作时间早（两年前）、锚点高度重合（覆面系/衣服不算都是很大众设定，衣服甚至是免服）可以联系我和设主任何一人。严禁空口造谣，不然我将启动法律程序保护我个人权益。
顺带附上手p的公式照及约稿截图和文字设卡记录。
#oc #通知 #不造谣不传谣不信谣 #向一切致歉
依旧携带公式照原型#LASER ",_猫吻淚.,0,0,0,rednote_image_1778468325609.jpg
【头像】右滑看异色恶魔叮,"人，叮想吃可可果，，，
如果异色是真的那宝宝你是一个草莓小汤圆..#同人产粮节 #洛克王国世界 #头像#洛克王国世界正式上线 #洛克创作激励计划 ",酱香饼大王,585,65,37,rednote_image_1778468332180.jpg
求推眼睛很独特的角色。,#眼睛 #讨论 #角色推荐 ,我怎么又站错cp了,5021,633,2003,rednote_image_1778468337582.jpg
............ /这狗,"#这狗 #萌 #卡哇伊 #表情包 #分享表情包
图源@这狗 ",嘟嘟,3356,598,111,rednote_image_1778468345561.jpg
想成为你甜甜的依靠…,"..✨
像草莓酱一样酸甜软糯..✨
像蜂蜜糖一样晶莹细腻..
	
也要像比比芙芙一样热烈地，永远喜欢着你。人。........
	
#心好小只装得下你 #比比和芙芙 #可爱的 #往那一站跟个小蛋糕似的 #再靠近一点点 ",momo,511,31,40,rednote_image_1778468359276.jpg
想成为你甜甜的依靠…,"..✨
像草莓酱一样酸甜软糯..✨
像蜂蜜糖一样晶莹细腻..
	
也要像比比芙芙一样热烈地，永远喜欢着你。人。........
	
#心好小只装得下你 #比比和芙芙 #可爱的 #往那一站跟个小蛋糕似的 #再靠近一点点 ",momo,511,31,40,rednote_image_1778468366487.jpg
如题,"没有提嗜光嗡嗡是因为我没去抓过，理论上应该也能用
有如下原因：
1.淘沙球所适用的属性非常偏门，在本赛季的16+1+2异色中，仅有猪和绒绒是适用的，使用频率相较于大热属性球（调温 变换 美妙）低，很容易就能挤出一批淘沙球来用
	
2.制作淘沙球的三种材料中有两种山姆大叔都不收（鬼火和石耳），如果你很热爱跑图的话背包里应该有爆满的鬼火和石耳没地方用并且没办法换成洛克贝，可以做成淘沙球达到一个废物利用的效果
	
3.有人说主播主播，那淘沙球手感又沉又烂，谁爱用啊。这就是为什么推荐大家抓贝瑟/柴渣虫，因为奇遇精灵放果实之后都是低阶形态，用淘沙球这种逆属性的球也是一球一个（已实践过），而贝瑟盒柴渣虫都很小，抓捕过程中很少有洛克会选择飞到天上去扔球，基本都是在地上搜寻贴脸抓捕，这种时候其实用别的球和用淘沙球的区别不大，可以忽略这点手感影响
	
4.最后，属性球便宜，淘沙球更是属性球中的冷门，在奇遇精灵出污染速率慢→刷一只异色需要更多球的情况下，将这种平时基本用不上的球废物利用可以省下对应热门属性球去抓别的精灵（比如调温→红绒十字 大耳帽兜 月牙雪熊；变幻→月牙雪熊 粉星仔 粉粉星；光合→奇丽草 格兰种子 疾光千兽 绒绒）
	
最后的最后，这只是一种变废为宝（？大概）的思路，提供给跑图频率相对较高的洛克的一种充分利用资源的方法，全部all in高级球的洛克可能并不适用，这个方法是主播在看到自己背包300个鬼火300个石耳卖不出去的深夜激情研发的
#洛克王国世界 #洛克王国世界正式上线 ",莫桐（评论被ban版）,1796,655,220,rednote_image_1778468373585.jpg
我不信有比这更雷霆的炫彩,"上波异色硬吃大保底以后
这个350球，6只噩梦就出了
我是有多想不开给它赌炫彩，只能硬着头皮再刷一只原色了",Alex,128,7,540,rednote_image_1778468379647.jpg
我摊牌了,"绝也是米游相关有雷的可以自行拉黑…
#妄想天使 ",你说得对，但怪物猎人是一款（下略,2565,151,22,rednote_image_1778468393183.jpg
我摊牌了,"绝也是米游相关有雷的可以自行拉黑…
#妄想天使 ",你说得对，但怪物猎人是一款（下略,2565,151,22,rednote_image_1778468400216.jpg
九文鱼…的心跳,#凹凸世界 #神近耀 参考@冯建斌 ,亿亿本书,4208,288,131,rednote_image_1778468409046.jpg
请问您丢的是这只抹茶兔还是这只草莓兔,#红绒十字 #洛克王国世界 #插画 #同人产粮节 ,南漠孤屿Moriila,1763,60,29,rednote_image_1778468424494.jpg
晚上好,"难得的画出来清透感
#画画日常 #水彩 #手绘 #猫的被窝#画稿 #稿件展示 #摸鱼 ",猫被窝ovo,0,0,0,rednote_image_1778468432963.jpg
各种小猫,"猫挠屁股…挠…挠……
#mona #女神异闻录5 #p5r #摩尔加纳 ",還有很多天,1845,80,46,rednote_image_1778468440803.jpg
,有人懂吗#仅代表我个人看法哟 #纯粹个人想法吐槽 #喜欢和合适 #丞相#宰相 ,水月vvater,4653,571,869,rednote_image_1778468449178.jpg
你的心跳,"参考@冯建斌
#画画 #自设 #摸鱼 #纸绘 ",haruto,14735,1064,124,rednote_image_1778468463912.jpg
你的心跳,"参考@冯建斌
#画画 #自设 #摸鱼 #纸绘 ",haruto,14736,1064,124,rednote_image_1778468472614.jpg
寻仇但是没找到对象,你要翠庭第一高手和我们蘑菇萝卜有什么关系#丝之歌 #我又在乱来 #空洞骑士 ,埃斯卡里昂,339,14,10,rednote_image_1778468481190.jpg
献给那最美好的,#重返未来1999#贝丽尔 #玛蒂尔达  #兀尔德 #维尔汀 #77 #37 #同人产粮节 #二创 ,娃娃菜炒咖啡,3473,224,37,rednote_image_1778468499190.jpg
,#闲的没事干所以画画 #半成品 ,蕙子,1,0,0,rednote_image_1778468506713.jpg
好想要洗脚兽。。,有人有果实能让我蹭蹭刷个异色犀角兽嘛TT#洛克王国#什么都想要 #洛克王国世界 ,Nova72x,11,1,9,rednote_image_1778468515837.jpg
左滑打光,#画画 #鬼灭之刃 #富冈义勇 ,鸭入大王0608,9831,716,287,rednote_image_1778468533314.jpg
异色粉粉星拼豆图纸！,"一只超级萌粉粉星的拼豆图纸！[派对R]@手工薯
#我染上了拼豆 #拼豆图纸 #拼豆 #像素图 #图纸分享 #洛克王国世界 #洛克王国手游 #洛克王国异色 #小红书拼豆大赛 ",阿兮,3352,1829,43,rednote_image_1778468540369.jpg
宝可梦丨玛瑙水母、小拳石、小火马设定图鉴,"从p2开始食用：
	
玛瑙水母，水母宝可梦，像水晶一样透明的眼睛中能发射出具有不可思议光芒的光束。
	
毒刺水母，水母宝可梦，玛瑙水母的进化形，它能让80条触手自由伸缩，靠缠住猎物后注入毒素来让其变弱。
	
小拳石，岩石宝可梦，大多栖息于山路。由于不留神踩到它会使它大发雷霆，得多加小心。
	
小拳石(阿罗拉)，岩石宝可梦，有磁力的石头身体。在磁力特别強的部分，铁矿砂密密麻麻地附着哦。
	
隆隆石，岩石宝可梦，小拳石的进化形，常在山路上滚来滚去。滚动时从来不关心前面的路上都有什么。
	
隆隆石(阿罗拉)，岩石宝可梦，小拳石(阿罗拉)的进化形，很喜欢吃镁电气石，吃下的成分会形成结晶，在身体的某些地方显现出来。
	
隆隆岩，重量级宝可梦，隆隆石的进化形，被像岩盘一样坚硬的外壳覆盖着。一年会脱一次皮变大。
	
隆隆岩(阿罗拉)，重量级宝可梦，隆隆石(阿罗拉)的进化形，发射出带着电的岩石。哪怕没有命中，只是擦到，对手也会麻痹而失去意识。
	
小火马，火马宝可梦，在用力跳跃之后，会用蹄子和脚上的肌肉来缓解着地时的撞击。
	
小火马(伽勒尔)，一角宝可梦，小小的角里蕴藏着治愈之力。如果只是一点小伤，它只要用角轻擦伤口就能治愈。
	
烈焰马，火马宝可梦，小火马的进化形，总之就是喜欢跑步。如果发现有谁跑得比自己更快，就会用尽全力去追赶。
	
烈焰马(伽勒尔)，一角宝可梦，小火马(伽勒尔)的进化形，会从犄角发射强力的精神利刃。那超群的破坏力甚至可以在厚厚的铁板上开出洞来。
	
#大人也要玩玩具 #宝可梦图鉴 #宝可梦 #宠物小精灵 #精灵宝可梦 #口袋妖怪 #神奇宝贝 #洛克王国世界 #RED新生代创作大赛 #设定 ",老丁的玩具屋,1,0,0,rednote_image_1778468546293.jpg
多种手部动作画法参考,#画手 #头部不同角度画法 ,不爱画的小小Sing,836,611,4,rednote_image_1778468562288.jpg
多种手部动作画法参考,#画手 #头部不同角度画法 ,不爱画的小小Sing,836,611,4,rednote_image_1778468570438.jpg
还有神秘上古版本,"同居和音乐厅你回来吧我哭了
#弗拉布拉 #フラプラ ",LOI107,4,0,0,rednote_image_1778468580445.jpg
三年前画的蛇须,"当年画得还可以虽然草
#阴阳师 #蛇须 #我以前的画 ",绀游星,1,0,0,rednote_image_1778468595138.jpg
,"一些遗漏的
	
#空洞骑士 ",半截吸虫,742,43,28,rednote_image_1778468603860.jpg
尽情吩咐罗隐吧 主人,#小红书拼豆大赛 #拼豆创意美学 #拼豆极限挑战 #罗隐#洛克王国拼豆 #洛克王国世界 #拼豆 #拼豆图纸 ,三西大困蛋,3277,2034,164,rednote_image_1778468612567.jpg
雨,"居然还有库存（）发之
#银魂 #土方十四郎 ",一般路过..,1615,56,39,rednote_image_1778468628674.jpg
雨,"居然还有库存（）发之
#银魂 #土方十四郎 ",一般路过..,1615,56,39,rednote_image_1778468636574.jpg
,这种要去吗，啥也没说，一上来就让我去面试#面试问题 #当代大学生找工作 #面试日常 #面试 #找工作 ,lululu~,38,9,326,rednote_image_1778468645904.jpg
少年郎,摸鱼很酥服#蝴蝶忍 #蜜璃 #鬼灭之刃 ,全霡面包侯爵大人,25739,1473,267,rednote_image_1778468653764.jpg
想问问大家这是ai➕描图吗？,"瞳色锚点全都不对，不承认ai但是不给绘画过程，说给看图层也是一直推脱，第二天才发给我
p1画师例图
p2给我的成图
p3 4和我给的参考图对比
p5画师说不退稿，只能修改的结果
	
二编
@番恰  这位是p1原画师老师的号，老师另一个号登不上去了
	
#描图 #约稿展示 #稿件展示 ",Polaris.,6813,389,238,rednote_image_1778468668718.jpg
,"通行证35，狼熊20，常驻和奇遇都是30。随缘接了，5.10日开始接单
我没空可以联系我室友@Tsuki 185大帅哥",蕾克,1034,148,589,rednote_image_1778468675814.jpg
44【不匿/带图】,"(不匿/带图)bot好投一张同学之前给的无偿
	
高柱 @文诺鸭
	
#魔法纪录 #魔法纪录喜欢喜欢俱乐部bot #和泉十七夜 ",魔法纪录喜欢喜欢俱乐部bot,0,0,0,rednote_image_1778468680879.jpg
我建议所有人现在去抓萌池,"一定要抓一次梨花诗的萌池[赞R]
萌池的原理是只抓菊花梨，从而刷出大耳兜帽和治愈兔两种异色。
相信赛季末的小洛克们很多都抓过并有了异色治愈兔和大耳兜帽。
那么你的萌池一定会有累积，尤其是那些抓的多的！！！
本人亲测小号800高级球出一只异色治愈兔和一只异色大耳兜帽，大号200高级球出一只异色治愈兔。
刷到的赶紧去抓！！！
附一张本人和宝宝们的合照[飞吻R]
#洛克王国世界 #洛克王国洛学家 ",布雨rainfall,1505,461,238,rednote_image_1778468688584.jpg
day9速写打卡1,#每日画画打卡练习 #速写打卡 #随便画一下 #每日速写 #坚持画画这件事 #速写打卡记录 #一日一画 #速写班长 #速写捕捉瞬间 #每日一画 ,柠檬爱汽水,0,0,0,rednote_image_1778468704167.jpg
谁不想急头白脸的炫一只,"请让我回到五月一号！
我还要接着肝异色✨
鸭鸭头像喜欢自取
#洛克王国世界 #洛克王国手游 #洛克王国头像 #鸭吉吉 #炫彩鸭吉吉 #炫彩 #头像 #洛克王国世界正式上线 ",树懒怪,219,57,13,rednote_image_1778468713945.jpg
我们空洞骑士也要有自己的登场人物介绍,#空洞骑士 #丝之歌 #大黄蜂 #残暴的兽蝇 #登场人物介绍 ,Fish&Chips,155,5,4,rednote_image_1778468722054.jpg
我宣布，这是我最貌美的异色炫彩月牙雪熊,因为我也只有这么一只,芥末酱,152,7,284,rednote_image_1778468730089.jpg
【5·11渔我共此时·09:00】,"大渔小渔，生日快乐～
Happy Birthday DaYu .. @格瑞恩威并施..
新的一岁，诸事顺遂，皓月千里[派对R]中考加油！祝你考上你理想的高中！
#渔我共此时 ",x:,2,0,1,rednote_image_1778468739698.jpg
大喜又大悲,刷异色刷出了野生炫彩 终于给我碰上野生炫彩了 激动坏了 走近一看 崩溃了 是我完全不想要的 哎 哎 哎[哭惹R] ,星际年的零三点,254,3,196,rednote_image_1778468753400.jpg
没有精灵会一丑不变，说的就是你,抓到以及进化二阶段的时候真的没想到这个会丑的如此清新脱俗，还好最终形态效果不错..（其实是看过最终形态才抓的）变身 #好怪再看一眼 #洛克王国世界 ,斤斤,817,27,636,rednote_image_1778468758690.jpg
,"(单纯想看蜂和小残互动..没怎么细想..
#空洞骑士 #HollowKnight ",无眠安生_,232,27,11,rednote_image_1778468766948.jpg
震撼美味..,"松仔宝宝怎么会这么萌啊..从头到脚从鼻子到耳朵哪里都是萌..随便看认真看仔细看不看都是萌..正面看侧面看下面看上面看都是萌..
#洛克王国世界 #洛克王国 #洛克王国松仔 #洛克王国精灵 #洛克王国手游 #洛克王国洛学家 ",findmenowheredarling,2472,86,127,rednote_image_1778468783809.jpg
总是有痛苦在周围,#画画 #自设 #摸鱼 #纸绘 #绘画 ,haruto,10441,498,101,rednote_image_1778468791459.jpg
震撼美味..,"松仔宝宝怎么会这么萌啊..从头到脚从鼻子到耳朵哪里都是萌..随便看认真看仔细看不看都是萌..正面看侧面看下面看上面看都是萌..
#洛克王国世界 #洛克王国 #洛克王国松仔 #洛克王国精灵 #洛克王国手游 #洛克王国洛学家 ",findmenowheredarling,2472,86,127,rednote_image_1778468799467.jpg
菱叶萦波荷飐风,#oc #自设 #稿件展示 #东方若云#古风  #误入藕花深处 ,东方若云,517,24,34,rednote_image_1778468816692.jpg
菱叶萦波荷飐风,#oc #自设 #稿件展示 #东方若云#古风  #误入藕花深处 ,东方若云,517,24,34,rednote_image_1778468823765.jpg
拘束衣..........,"谁懂啊！绝区零你是懂怎么戳中人心巴的！！新S普罗米娅直接杀疯了好吗！！！
那双被束缚之锁禁锢的手，那身冷到骨子里的冰系气场，清冷又破碎，克制又疯批，这种极致反差谁能顶得住啊！
平时被束缚着都自带压迫感，解除枷锁释放力量的那一刻，直接帅到失语！！飞蛾扑火般奔赴审判，把死亡当作救赎，她不是在战斗，她是在完成属于自己的宿命，美得震撼，美得窒息，美得让人疯狂沦陷！！
#绝区零空洞英雄 #绝区零 #绝区零创作者激励计划 #绝区零普罗米娅 #手绘 ",呱伦酸钠,11492,1087,185,rednote_image_1778468843506.jpg
这是一个标题,#碇真嗣 #薰嗣 #指绘 ,赳赳老秦,1,0,0,rednote_image_1778468850014.jpg
..不是哥们,"哥们儿，这真不是ai生成的，这就是老辈子画的。持续为大家带来老祖宗的抽象艺术创作，就是我的乐趣[派对R]
	
明代“吴门四家”之一仇英的《揭钵图卷》，是弗利尔美术馆藏绢本设色长卷，纵27.4厘米，横424厘米，取材于《宝积经》中“鬼子母揭钵”的佛教故事。画卷描绘鬼子母因暴虐遭佛陀惩戒，幼子被镇于琉璃钵中，她率群鬼奋力营救却始终无果，最终幡然悔悟皈依佛门的场景，将佛法无边与邪不胜正的主题，以工笔重彩的形式生动呈现。
	
这幅画最具趣味性的，莫过于仇英笔下拟人化的水族精怪，尤其是那只“穿裙子的虾”与“穿裙子的鱼”。画中的虾精一改写实形态，身披荷叶边短裙，裙摆层叠如花瓣，甚至搭配了类似“打底裤”的细节装饰，姿态夸张地张着长臂，仿佛正奋力上前揭钵，憨态中透着几分紧张感。而一旁的鱼精同样被赋予了拟人特征，身披轻盈的水藻或荷叶“裙装”，鳍与尾鳍被处理成飘逸的衣袂，与虾精一同组成了鬼子母麾下的水族阵营。
	
这些充满巧思的形象，并非单纯戏谑，而是仇英将民间传说与文人意趣结合的体现：水族精怪以荷叶为衣，既贴合它们的水栖属性，又通过拟人化的“穿搭”，让传统佛教题材跳出了严肃刻板的框架，增添了戏剧性与烟火气。整幅画中，佛陀的庄严与众鬼的慌乱形成强烈对比，而虾精、鱼精这类细节，更让这幅佛画在肃穆之外，多了几分明代市井文化的鲜活意趣，成为后世津津乐道的亮点。
#传统文化 #不是哥们儿 #仇英 #古画 #中式美学 #审美积累 #萌 #meme #多少有点离谱 #我也要死吗 ",主编破总（00后夺舍版）,9184,1609,271,rednote_image_1778468855844.jpg
坏消息..,我准备期末考了，然后我妈开完家长会之后回来说她觉得我的学习态度不够认真，今天过后就要把我的电脑和手机没收，可能暑假才能给回我，所以家人们不要取关我牙，暑假再发视频！#心情有点复杂 #别搞我心态 #轻轻地碎了 #暂退 ,小霖^v^,6,0,6,rednote_image_1778468872370.jpg
谁不想急头白脸地租一次房呢,"预算1300内，朝南光线好，隔音好不临街，通风好最好有阳台，冰箱空调热水器洗衣机齐全，步梯三或四楼，电梯楼层无所谓，独卫马桶！！最好近地铁，如果合租只接受女生
本人预计六月入住，可半年租/年租，爱干净，安静，作息正常，东西少事少，不养宠物（接受室友有宠物！给我摸摸！）
拱墅区有没有合适的转租/合租/房东啊！#租房 #找室友 #找房子 ",小皇薯CP520Y99,2,1,15,rednote_image_1778468881121.jpg
谁不想急头白脸地租一次房呢,"预算1300内，朝南光线好，隔音好不临街，通风好最好有阳台，冰箱空调热水器洗衣机齐全，步梯三或四楼，电梯楼层无所谓，独卫马桶！！最好近地铁，如果合租只接受女生
本人预计六月入住，可半年租/年租，爱干净，安静，作息正常，东西少事少，不养宠物（接受室友有宠物！给我摸摸！）
拱墅区有没有合适的转租/合租/房东啊！#租房 #找室友 #找房子 ",小皇薯CP520Y99,2,1,15,rednote_image_1778468889347.jpg
坏消息..,我准备期末考了，然后我妈开完家长会之后回来说她觉得我的学习态度不够认真，今天过后就要把我的电脑和手机没收，可能暑假才能给回我，所以家人们不要取关我牙，暑假再发视频！#心情有点复杂 #别搞我心态 #轻轻地碎了 #暂退 ,小霖^v^,6,0,6,rednote_image_1778468894503.jpg
恶魔叮粉色异色求种草..,"粉色很好也不丑 本人也超喜欢粉色这个颜色 但放在叮身上总感觉不适合他没有叮原本的气质了 有点像脱了毛光溜溜的肉球 还有他不是只小恶魔嘛粉色的成天使叮了..[完啦R][微笑R]好想和解 粉色人气特别高一直不敢说但实在忍不住了[抓狂R]
#洛克王国世界 #恶魔叮 #叮叮恶魔 #洛克王国异色 #求种草
二编：没想到会有那么多人评论看不过来了 总之这就算是个吐槽帖吧来发泄一下我心中的不满憋着很难受..",TvT,1644,58,576,rednote_image_1778468907898.jpg
恶魔叮粉色异色求种草..,"粉色很好也不丑 本人也超喜欢粉色这个颜色 但放在叮身上总感觉不适合他没有叮原本的气质了 有点像脱了毛光溜溜的肉球 还有他不是只小恶魔嘛粉色的成天使叮了..[完啦R][微笑R]好想和解 粉色人气特别高一直不敢说但实在忍不住了[抓狂R]
#洛克王国世界 #恶魔叮 #叮叮恶魔 #洛克王国异色 #求种草
二编：没想到会有那么多人评论看不过来了 总之这就算是个吐槽帖吧来发泄一下我心中的不满憋着很难受..",TvT,1644,58,576,rednote_image_1778468915638.jpg
百变宝,#一人之下 #阅文好物 ,不羡仙,0,0,0,rednote_image_1778468922280.jpg
..不是哥们,"哥们儿，这真不是ai生成的，这就是老辈子画的。持续为大家带来老祖宗的抽象艺术创作，就是我的乐趣[派对R]
	
明代“吴门四家”之一仇英的《揭钵图卷》，是弗利尔美术馆藏绢本设色长卷，纵27.4厘米，横424厘米，取材于《宝积经》中“鬼子母揭钵”的佛教故事。画卷描绘鬼子母因暴虐遭佛陀惩戒，幼子被镇于琉璃钵中，她率群鬼奋力营救却始终无果，最终幡然悔悟皈依佛门的场景，将佛法无边与邪不胜正的主题，以工笔重彩的形式生动呈现。
	
这幅画最具趣味性的，莫过于仇英笔下拟人化的水族精怪，尤其是那只“穿裙子的虾”与“穿裙子的鱼”。画中的虾精一改写实形态，身披荷叶边短裙，裙摆层叠如花瓣，甚至搭配了类似“打底裤”的细节装饰，姿态夸张地张着长臂，仿佛正奋力上前揭钵，憨态中透着几分紧张感。而一旁的鱼精同样被赋予了拟人特征，身披轻盈的水藻或荷叶“裙装”，鳍与尾鳍被处理成飘逸的衣袂，与虾精一同组成了鬼子母麾下的水族阵营。
	
这些充满巧思的形象，并非单纯戏谑，而是仇英将民间传说与文人意趣结合的体现：水族精怪以荷叶为衣，既贴合它们的水栖属性，又通过拟人化的“穿搭”，让传统佛教题材跳出了严肃刻板的框架，增添了戏剧性与烟火气。整幅画中，佛陀的庄严与众鬼的慌乱形成强烈对比，而虾精、鱼精这类细节，更让这幅佛画在肃穆之外，多了几分明代市井文化的鲜活意趣，成为后世津津乐道的亮点。
#传统文化 #不是哥们儿 #仇英 #古画 #中式美学 #审美积累 #萌 #meme #多少有点离谱 #我也要死吗 ",主编破总（00后夺舍版）,9184,1609,271,rednote_image_1778468933213.jpg
命定花种第四期不改血脉不升星,"1.魔草巫灵
火马 无脑天火 两个天火就拿下（或者任何带引燃的精灵都可以）
	
2.魔眷鸟
嘟嘟锅开局毒孢子之后 无脑点毒液渗透
	
3.奇丽花
千棘盔开局点盐水浴 然后不要点技能 直到轮到奇丽花的下一个状态技能 点毒雾就好了
	
4.高脚鹬
尖嘴狐仙依次点 冬至 火焰护盾 霜降 聚能
队友死了后 看见愿力冲击点护盾 其他无所谓
#洛克王国#洛克王国命定花种 ",叉子喝不了汤,7517,5607,307,rednote_image_1778468949082.jpg
凌晨睡觉的猫,的原声,做点饭别打厨子,22003,1457,439,rednote_image_1778468957571.jpg
草稿中突然想到一个问题,"..之前一直没留意小羊是否有肉垫，但羊应该是没有的？
可是看很多老师画的基本都有，不知道要不要加上（思考）
	
#deltarune #ralsei ",抬棺土豆人..,368,40,19,rednote_image_1778468963520.jpg
尖尾滨鹬,红帽子，短嘴巴，非常有特点的尾羽，下体黑色V形斑。阳光下熠熠生辉的样子！#请文明观鸟 #观鸟爱好者 #请不要使用无人机拍鸟 #迁徙的候鸟 ,薛定谔的企鹅,0,0,0,rednote_image_1778468971742.jpg
选学妹还是学长?,#七海千秋 #弹丸论破 ,攻压抑,1864,137,29,
,孤独的国王,棉围巾,13944,888,54,
不枉我虔诚祈祷..,"守护地的蛋纠结了一下给的炫彩，开之前许愿来点粉色，没想到啊，这配色不错[害羞R][得意R][哇R]
#一玩一个不吱声 #洛克王国世界 #炫彩 #雪灵的守护地 #炫彩雪灵 #孵蛋 #洛克王国 #心心念念的 #感谢上天眷顾 #意料之外啊 ",吃喝大王,3971,218,241,
【丝之歌】好渔夫连颜色都要嫩一点,"可爱[飞吻R][飞吻R][飞吻R][飞吻R]
	
那两个渔夫怪原来不触发就会自己在那儿插虫子啊
	
#丝之歌#大黄蜂#大黄蜂有嘴真好啊 ",东西南北中,78,0,8,
极恶老大咖啡厅,"#极恶老大 #helluva_boss #菲兹罗利 #咖啡厅
☕........",日曜大工,785,51,12,
圣巢的繁华与荣耀之下,把之前的图做了透光明信片，老早就印了但是从来没拍过[笑哭R]家里没有透光灯，抓着台灯用一种极其抽象的姿势拍出来的，不发感觉对不起我酸痛的手指们#空洞骑士 ,YOMIGAERE,7,0,1,
有人推伊贝粉粉吗,#可爱的 #洛克王国世界 #洛克王国 #水彩 ,鸡和仓鼠是世界的珍宝！,1441,79,194,
还是第1版颜色好看一些感觉,感觉第1版颜色更清新。第2版颜色更浓郁一些，你更喜欢哪个颜色呢？#随便画一下 #展示 #感觉还不错 ,语云,0,0,0,
,"#纸绘 #手绘摸鱼 #绘圈新人 #自家oc
新画的设子，禁盗",lemon,0,0,0,
烫的简直一坨…,没话说了，我拼了四个小时…店员能不能统一培训一下[睡觉R] #拼豆 ,嘻嘻啊嘻嘻,9744,489,553,
法琳龙,"#迷宫饭
..：@-橘猫..SAMA- ",chocolat,7478,418,111,
炫一下,"[自拍R]
不到200奇丽草就出了
还是黑白炫彩
	
#开心 #什么实力不多说了 #纪念一下吧 #没有炫耀的意思 #就是炫耀的意思 #洛克王国世界
	
（只字不提之前刷治愈兔的狼狈）",一脸无辜的无良狸猫,2,0,1,
朝闻道，夕死可矣,钉子匠完成了毕生的执念，亲眼见证了它亲手造出的纯粹骨钉的力量。最后一刻它是满足的。#游戏日常 #空洞骑士 ,脑阔突突,161,11,23,
朝闻道，夕死可矣,钉子匠完成了毕生的执念，亲眼见证了它亲手造出的纯粹骨钉的力量。最后一刻它是满足的。#游戏日常 #空洞骑士 ,脑阔突突,161,11,23,
参见柳莺大人,为了看你一眼，我一天都快把公园这条路踩烂了。终于看到你这个多动症儿童。向你致敬，可可爱爱，唱歌好听的黄腰柳莺。#请文明观鸟 #请不要使用无人机拍鸟 #自由的小鸟 #鸟类实拍 ,一个乐意李,0,0,0,
犼,可继续投稿..#有兽焉 #有兽焉同人 #有兽焉犼 #犼#RED新生代创作大赛 ,连连捏,51,3,10,
CHAMPION..,"#oc #坠星永冻土
过年看飞驰3脑的车手&经纪人的坑终于填上了，魔界人要怎么把耳朵塞进头盔里呢，我不知道",961,12586,654,63,
右划看义父睁眼,"私设远行商人眼睛颜色，义父最帅的时候就是带来棱镜球和炫彩蛋。
画到一半被告知义父其实是女孩子，更香了..
	
#洛克王国世界 #洛克王国手游 #远行商人#二次元看见计划 ",Gito,12994,429,144,
类银/平台跳跃真的很容易出神级美术,"审美积累中
	
1. 奥日 1&2
2. Neva
3. 空洞骑士 1&2
4. 动物井
5. 九日
6. Lapin
7. 闪避刺客
8. 雨世界
9. Celeste
10. .漫游奇境Promenade
	
#steam #宝藏游戏推荐 #独立游戏 #审美积累 ",mamesuke,6432,4521,359,
,#同人产粮节 #家庭教师#云雀恭弥#库洛姆#六道骸#沢田纲吉 ,璃茉,0,0,0,
盘点那些看起来像萌系但不是萌系的小精灵们,"突然发现我好多期都有小里奥耶
#洛克王国世界 #里奥#小夜#春团#小黑猫 ",星星收藏家,6773,322,484,
小纯爱驼背,纯粹小小年纪就开始驼背了…白王你管管啊！以及打完蔚蓝全部c面就觉得苦痛最难的其实是最后的守卫谁懂…。#腰背部挺直 #注意保护颈椎 #空洞骑士 ,香菇之王,462,29,25,
报告！ ..来！,"我爱你：如果很久以后 是我爱你的上册，cp32首发已完成，..5.10～5.17 具体信息见p2
	
..见p2（之前的也做数，只是满了，这次是新的，都会通知到！）
	
#罗小黑战记2 ",Meow,1488,247,51,
绒绒智商低,"#绒仙子
#绒绒智商低 ",mömö,1745,59,408,
放松像草稿一样画才舒服,#速写打卡记录 #没事就画画 #每日画画打卡练习 #画画的松弛感 #画画是一件自由的事 #人体 速写 #人体动态 #画画不就是为了解压吗 #闲来无事就画画吧 ,煮煮速写,28640,2588,143,
犀角鸟/极光千兽（异色）,"西瓜皮 橘子皮还有必要升级吗？
我的粉色炫彩，你啥时候来
#洛克王国世界 ",孙书墨,1,0,0,
你昂叔叔格子多的真相,"每天一个收纳小技巧
	
#没别的意思 #审美积累中 #生化危机9 #里昂 #不行就算了 ",类纸膜帮我削笔,23433,1718,572,
当和不玩崩铁的朋友提起这个头像,"『希儿』蝴蝶落于地下城落不是陨落的落，是落地生根的落！
⚠️可线上自用，不授权自印/无盈利/商用..
	
悄悄话:
画构思（p2）的时候在地铁上，旁边小朋友疯狂问我在画什么，我说蝴蝶，她说是蝴蝶裙子还是蝴蝶什么呀，我哑口无言，对不起小朋友，姐姐也不知道怎么解释在画什么啊..我说希儿你能明白吗..不能对吧..（虽然她叫我阿姨，对！阿姨！）
#崩坏星穹铁道创作者激励计划 #崩坏星穹铁道 #星穹铁道希儿 #同人图 #星穹铁道日更挑战 #星穹铁道三周年 #RED新生代创作大赛 #同人产粮节 #二次元看见计划 #希儿 ",玖月筱筱,2616,189,72,
为什么蛋冒问号，还能孵吗,#洛克王国世界 ,迪莫大王,3592,255,3280,
对男女体的理解,"day2
#速写蚂拉松
@自在涂形堂
正面好难。",金赌兰,32413,10026,431,
谁教它这么睡的,"咱也不知道它怎么发现这个姿势睡觉舒服的
#谁教它这么睡的 #宠物睡姿大赏 #睡觉的猫咪 #能躺着绝不坐着 #谁家小猫咪是这样睡觉的呀 #小猫咪睡觉 #猫咪睡觉真会找地方 ",三只猪咪的姐姐,25386,1415,2266,
【暖暖无料授权】四时与暖,"画完了春夏秋冬的暖暖！
白底和发色/表情拆分在最后面，可以在不改动人物的前提下自由排版使用或作为美工练习素材，发平台请艾特我
	
使用范围：头像/背景/自印/无料
	
#无限暖暖 #暖暖 #绘画  #无料 ",电子金鱼,1417,227,94,
人永远挣不到认知以外的钱,"出了路黑白炫彩
不知道能卖，自己抓了[哭惹R][哭惹R]
血亏一千块
#黑白炫彩 #洛克王国世界 #洛克王国 #黑白 #赚钱 ",石石子yu,5999,1139,1129,
,爱评论的人运气都不差,王小明JEDI,3265,256,969,
,爱评论的人运气都不差,梅川库子,15049,761,188,
找工作两个月有感,"Boss直聘上沟通过660个  有交换110个 面试20次
小红书上面想必有很多这样的帖子，其中不乏包含着offer大楼和一些焦虑不安的问答
	
但是我想反过来讲一讲让你们自信的事情。
我是前天确认的offer，到今天，我居然没有什么想要去沟通的欲望，因为当人获得幸福的时候，往往会选择沉默，但当人遭遇不公跟焦虑的时候，往往会选择倾诉。
	
一。你在小红书上看到的找不到工作的帖子都是在他们找到工作之后没删的
中国有这么多人都在交社保，找到工作的人是远大于找不到工作的人。（如果真的社会上超过50%的人找不到工作那就恐怖了）但是为什么没有那么多人去写帖子呢？因为大家只会认为自己只是个普通人，没有必要去分享这样的事情。
幸福不分享，所以导致不幸看起来很夸张。
所以我想说：要相信自己找到工作是必然的。
	
二。你一定会找到合适的工作。
一个行业的公司远比你想的多的多的多。求职者之间有层次的差别，公司之间也有层次的差别，如果下面的公司给不起你这个钱，那么上面的公司不仅给得起，甚至还能更高。如果你一直觉得这些公司的待遇不够好，那么极有可能是因为你一直在中下层进行探索。只需要等一个真的和你匹配的，高一点水平的公司的资源就好。
	
三。别因为当下还没有好的选择就屈居人下。如果一个公司给自己的求职者剥削到这样才能维持自己的公司运转，它应该第一个反思自己。
你的能力是不变的，所以你去哪个公司才反过来决定了别人眼中的你的量化数据是什么。既然你能找到8k的，那你就可以试试能不能找到10k甚至20k的。为什么不行呢？
	
四。把找工作看成一场巨大的调查➕攻略游戏
boss直聘是一款女性向游戏，您将扮演牛人对不同公司进行攻略。好感度＞60可以进入面试环节，好感度＞90将获得offer。请开始您的攻略。
可能是UI设计真的很像交友软件吧，其实我一直都是聊聊又没事儿的态度面对所有公司的（）
一方面我会了解该公司在行业的定位和大概的名气，一方面我会从不同角度去更深入的理解行业特性。以及你甚至可以从其他小红书认识的网友那里得到其他公司的情况。
放下紧张情绪，当成交友聊吧！
	
五。焚决
其实找工作最重要的是跟进行业信息和新的资源动向。真正想找工作的往往都是放出来就招到了。你要做的就是少看那些叽叽歪歪的长期挂牌工作，盯着新出现的一看就是有明确需求的岗位，迅速判断自己合适度然后立刻出击！
	
祝大家都能找到自己心仪的工作。
#找到适合自己的工作 我的找工作日记",白毫银针,7322,2562,620,
右滑細化,"p2-5濾鏡，p6、7原圖，兩張。
沒畫耳機。沒畫脖子，接不上，不管。
第一次畫，可以收藏，可以拿圖頭像壁紙，不要拿去賺錢可以嗎，謝謝你。
謝謝看完，說話有問題，麻煩對不起( ´͈ ॢ˘ `͈ॢ)･*♡。
#初音未来#初音ミク #初音#同人节产粮 ",忘記我就討厭你。,612,21,19,
暹罗总裁从他的三百平米大床醒来,#暹罗 #蓝重点暹罗 #小宝宝 ,困困的,13311,789,875,
,爱评论的人运气都不差,挞,1833,39,27,
把你画成小人，你会喜欢吗？,"无偿小人有人要否
#画画 #随便画一下 #随便画画玩 #我画我自己 #简笔画 #小画 #我在努力画着我自己 #没事就画画 ",Ya,3619,865,342,
预测一下春花兔的异色,"按照自己喜好改了一下，粉兔真的太可爱了>△<
#洛克王国#春团#春兔#春花兔 ",绘丹青,918,27,32,
做个好梦,#奇幻沼泽 ,永冻土编造业,1877,74,31,
₊⁺ ꒰১ 空洞♡少女໒꒱ ⁺₊,"这照片是你吗.jpg
@观税饱 老师的图纸！
#空洞骑士#手作 ",该,26,0,5,
你拍过最圆的鸟有多圆？,看看我的圆鸟看一下看一下看一下#观鸟 #会飞的糯米团子 ,香港四胞胎家庭,8238,1237,908,
后续,评论区宝宝们的建议我都看了，我很高兴你们给我出建议！我不会再和他有联系了和他说清楚了。我给他补钱是因为外设用着也顺手就当我是从他这买的了，他买的确实是一手货我之前看过他的购买详情页（但是现在找不到了...）外设再多钱我也不想再补了，这一千就当买断我们三年的情谊好了，也相当于给我买了个教训，呃啊啊啊我再也不会收这种礼物了。。我还是第一次遇到这种事情，处理方式都是很友好的宝宝们教我的，在这里真的很感谢很感谢！！#后续 #我没惹任何人 #外设#瓦罗兰特#ev63 ,Hanhan,782,41,647,
奇丽草真的有丑颜色吗,"想抓一只丑的用来进化炫衣服[抽泣R]都好萌啊三个小甜筒一个也舍不得[完啦R][完啦R][完啦R]
#洛克王国世界 #洛克王国手游 #洛克王国奇丽草 #洛克王国炫彩 ",鲑鱼吸吸冻,1109,32,1015,
你好，咪要握手,#橘猫 #猫咪 ,白小言yan,26373,750,1275,
永远爱橙色！！！✌️,"太元气啦～是小太阳一样的生命力色彩！..
#撞色穿搭 #色彩搭配 #生命力穿搭 #多巴胺穿搭 #高饱和度穿搭 #元气穿搭 #买手直播预告 ",饭饭饭大月,191,58,35,
赛里木湖！没白活！,太美了，晴天风景更好，湖水特别蓝特别清透,921,610,100,62,
标题,卧槽 我把标题加上了 吊不,小红书交友不回关：）,17764,3216,277,
极眸镜头下的池鹭之诗，谁能帮我补充一句,"双鹭栖芦对影悠，
静立闲看水自流。
翠阴不碍寻鱼意，
……
谁能帮我补充一句呢？想不出来了，求求了[飞吻R][飞吻R][飞吻R]
#池鹭      #观鸟神器     #拍鸟神器    #极眸   #极眸防抖望远镜 ",极眸防抖望远镜,0,0,0,
今天的赛里木湖美爆了,蓝的不像话,千与千寻,12734,1020,810,
总有一天人人都会控不哭菇！！......,"拼豆图纸！怖哭菇qwq不哭菇..，
菇的天♥真的好喜欢菇菇！..
原图作者在这里！@勇敢鸽子汤  已授权✔️
	
高清板（微），大概58-72个钉，做的不是很好，第一次搞像素画，见谅..还是太赶了，慢慢学习一下怎么增加画面丰富度！钥匙扣版本约42-35钉的在另一篇帖子，已严肃制作..萌之萌之！需要特殊烫的镜像图纸p4p5
	
不哭菇真的超可爱，总有一天人人都会控不哭菇......
禁止..商用，未经允许禁止⚠️二转！
	
#洛克王国世界 #菇的天 #怖哭菇 ",古月熵,6255,3443,94,
,"你们对小猫做过最恶毒的事是什么？？？
你们对小猫做过最恶毒的事是什么？？？大家一起来交流交流啊
#新手养猫 #养猫经验分享 #晒猫 #我的萌宠 #看看你家毛孩子 #猫猫 ",杜玲,1956,360,3022,
头像｜小狗就这样看着姐姐,"上一篇很多姐姐喜欢小蛮这个头像！
特地做了几个版本
姐姐喜欢嘛[扯脸H][皱眉R]
#原创IP #可爱头像 #小狗头像 #头像推荐 #表情包 #小狗 #小蛮狗 ",小蛮狗,2738,615,79,
,#线条 #速写慢绘人生 #每日速写 #速写打卡记录 #我的绘画成长史 #速写人物 #每日一画 #速写进阶计划 #人体 速写人间万象 #,藍簡,0,0,0,
头像｜小狗就这样看着姐姐,"上一篇很多姐姐喜欢小蛮这个头像！
特地做了几个版本
姐姐喜欢嘛[扯脸H][皱眉R]
#原创IP #可爱头像 #小狗头像 #头像推荐 #表情包 #小狗 #小蛮狗 ",小蛮狗,2739,615,79,
..️..,"比起说他终于到达这里，不如说他终于回到此处，因为这片星空从不会让他感到孤独
	
#精灵宝可梦 #赤红 ",快活秧,11,0,2,
我想听那五个字,"长得像小鸟的羽毛......这怎么不算观鸟呢
几分钟就消失了
幸运幸运#你不许观鸟 ",一杯柠檬茶,7478,525,517,
ㅤㅤㅤ,#ff7 #bg #萨菲罗斯 #蒂法 #sephti ,神奇煎蛋..,0,0,0,
耀祖。。。,#洛克王国世界 ,短绒尾,3364,73,586,
失去海才能拥有海,#一起看海 ,Key_,64228,6839,1001,
..＆..,"cb向，都是哥弟相关，爱看他俩（咋啥都爱看
#虎杖悠仁 #胀相 #咒术回战 ",海纳不是法号,3574,376,102,
小玩偶派发中,"我的同胞小玩偶们终于发货了！以此庆贺！
（虽然还没到）#空洞骑士 #丝之歌 #空洞骑士丝之歌 #虚空姊妹 ",不知名曲奇,137,12,13,
有宝宝可以带我抓兽花蕾吗,还差一个补图鉴，我有绒绒，和赛季奇遇果实，有好心人带我抓一只吗，很需要这颗棱镜球[完啦R][完啦R][完啦R]#洛克王国世界 #洛克王国手游 #兽花蕾 ,Sky`初见（老实回坑ing）,1,0,19,
为数不多流露愤怒的时候,"#洛克王国世界 #恩佐
黑月光回国我去接
重发一下",Lost Light,1,0,0,
求助！一个人出去闯，你们觉得去哪个城市好,"真诚求推荐！不吹嘘，听劝那种..
	
家里帮不上忙，本地找不到合适的，打算一个人出去试试。
	
但我这种第一次离家的，真的不知道去哪合适。看了好多帖子，说法又都不一样，越看越迷糊。
	
想问问有出去闯过的姐妹：
→ 你去的哪个城市
→ 好找工作吗
→ 一个人去安全吗
→ 有没有后悔过
	
我现在考虑的几个：广州、成都、厦门、泉州……
	
之前没出过远门，一个人去陌生城市有点怕，但又觉得再不走就真的废了。
	
认真看每一条回复，谢谢姐妹们..
#女生出去闯 #打工去哪个城市 #找工作 #外出打工 #女生必看 #就业 #人生选择 ",未来可期,2836,1199,955,
❤️,#自拍 #00 #淡妆 #不是今天拍的 #夜晚拍照 ,总裁沉睡一百万年,1,0,0,
正太就该骑恶魔叮,"遇到其他族幼崽心情不好会上前安慰的邪恶黑皮球，叮门。
#洗手间开会 #伊得 #恶魔叮 #绘画 ",沉迷电子犬,5083,301,64,
自用全图资源跑图线,"不同颜色代表不同球的资源
	
红：好战球。橙：调温球。 黄：淘沙球。 绿：光合球。 青：变幻球。 蓝：网兜球。 紫：绝缘球。 深紫：暗星球。 粉：美妙球
	
矿石没有颜色
	
其实不建议跟我的路线 拿太多了 安利一下b站up：hy灵歌透的4.5线 高性价比 跑得还快 花矿配平。我这是纯爱好跑图性价比不高 现在这个版本根本不缺花
	
雪山我是全跑因为比较熟。实际路线性价比不高
恶水沼泽比较难可以只跑矿。甜水镇那条线（7号）村子挺麻烦的，炼金台旁边点位也比较难跑，可以直接不跑走紫色线。
	
仅自用 可能会优化 参考了b站up：hy灵歌透的4.5路线
	
#洛克王国世界 #洛克王国跑图 #洛克王国世界攻略 ",柑橘葡葡挞,2929,1957,137,
手绘小合集,都是稿！#画画#手绘 #针管笔手绘 ,屁大帅,32006,2455,197,
留园可停小山雀,#治愈系色彩 #艺圃小巷子里的园林 #江南春色处处好 #园林 #自由的小鸟 #既有苏州园林的小桥流水 #小鸟 #不到园林怎知春色如许 #鸟 #花鸟 ,OvO,26010,3058,48,
,"实习生在工位上没活干的正确做法是：（）
A.询问Mentor有没有什么需要做的
B.闭上眼睛假寐
C.下楼买点零食吃完再上来
D.偷偷用word文档看小说
E.光明正大坐着玩手机，反正有活自会有人派过来
F.跳上办公桌大喊：“你们凭啥冷暴力俺！”
#实习生  #实习生日常 #令人心动的实习日记 ",幻灯片致幻,587,75,388,
五块钱一张有人吗,#随便画一下 #求估价 #随便画画玩 #没事就画画 #练手 #打发个时间 ,..,0,0,0,
,留下你的想法吧,耗子不吃奶酪,1196,31,467,
捉到一只黑白炫彩异色拉特,"黑色亮片烫
我受你一靠子！
刚烫完还以为翻车了
（最后一图）
结果拿镊子把多的黑亮片挑掉以后
居然有炫彩的效果
洛克王国你没给我的黑白炫彩 老己给了
	
#拼豆创意美学
#我染上了拼豆
#洛克王国世界
#黑白炫彩
#异色拉特
#可爱鬼来袭 ",蜜饯说话了,295,63,26,
,让大家听到你的声音,耗子不吃奶酪,1196,31,467,
,当亲手散掉自己最尊敬的老爷子魂魄时，风星潼究竟承受怎样的痛苦！#一人之下 #风星潼 ,sunny,1150,69,21,
感觉方方什么颜色都不难看,超可爱的方方#洛克王国世界 #机械方方 ,哈基粥,5312,339,684,
,#小漫画 #我和猫咪的日常#自学画画#字丑画丑致歉 谢谢观看,叶琉璃,0,0,0,
海的颜色不止一种蓝..,#小猫仙仙 #小鼠药片 #萌物 #海的颜色不止一种蓝 #大海的颜色 #头像 #情侣头像 ,药片苦苦,1104,226,13,
挑战全网最美异拉,啊啊啊啊我的海盐芝士宝宝…萌萌的宝宝…#洛克王国世界 #异色拉特 #异色炫彩拉特 ,落雪,6991,244,1352,
我是最聪明的，我是大王,我想变聪明因为我的聪明不见了，谁偷了国王的聪明，,我是小鱼,8013,540,79,
谁不想急头白脸的整一个雷霆大蜥蜴,"没有图纸我自己做的图纸，越拼越搞笑
图纸放P4了#洛克王国世界 #拼豆图纸 ",默樊L,3099,1208,119,
突然开智，领悟到人森捏青年焚决,"开智后对岛上所有青年外形的mii进行了削脸处理
*前面都是oc和岛上的原创mii，最后1p是朋友自设
#朋友收集梦想生活 #人森捏脸 #Tomodachi_Life #oc ",momo,3167,1125,28,
好猫就不是打滚的，是打挺的～,叮 whisky 已上线#躺平的猫猫 #伸懒腰的猫 #松弛感小猫 #猫咪打滚儿 #陪猫猫玩耍 ,..Whisky,2837,161,81,
第九艺术暴论,#独立游戏 #雨世界 #奥日 #空洞骑士 #蔚蓝 ,Radiance,999,362,218,
真的很喜欢画这种淡淡的感觉～,#上课画画总会有无限灵感 #随手画 ,..Laney..~~,2,0,0,
你怎么知道我三只就刷出完美配色兔兔？,"左看，萌！
右看，萌！
前看，萌！
后看，萌！
#粉耳星兔 #落陨星兔 ",青天大姥姥,1178,58,334,
各种水景｜冬夏交替的Iceland,"冰岛也许是个水世界..
会动的水和不会动的水..
各种形态的水....
混入一张山景房⛰️
	
冰岛早起很累游#世界尽头与冷酷仙境 #冰岛 #冰岛旅游 #北欧旅行 #黄金圈 ",KacyT,3605,462,77,
已经没什么好怕的了。,"以这么幸福的心情来战斗还是第一次。
超高质的客妹。
巴麻美：@Yuyu
#拍照姿势 #魔法少女小圆 #魔圆 #懵懂成为魔法少女 #巴麻美 #cos #白棚拍摄 #客片分享 ",Akiraa。,924,66,21,
Vintage 人鱼蝴蝶仙子,#vintage #古着 #vintage穿搭 ,Lilith-Vintage,1522,453,10,
挖槽！！！今天的杭州西湖日落杀疯了呀！！！！！,"2026年5月9日！！！谁懂啊！！！进入夏天西湖就跟开挂了似的！！西湖日落晚霞美到封神了！！！
	
#杭州旅游 #杭州 #西湖 #西湖美景如画 #西湖日落 被晚霞惊艳到了 #落日收集者 #落日橘子海 #晚霞 #日落 ",琳琳与小许,309,42,37,
异色粉炫彩就这样一直缠着我,"天选粉色人，异色炫彩爆粉率特别高✌︎' ֊'
#粉色 #洛克王国世界 #洛克王国异色 ",飞翔的雪菜,1364,51,88,
异色粉炫彩就这样一直缠着我,"天选粉色人，异色炫彩爆粉率特别高✌︎' ֊'
#粉色 #洛克王国世界 #洛克王国异色 ",飞翔的雪菜,1366,51,88,
异色恶魔狼出没！✨,"耗时几小时的拼豆成果出炉啦！！
又拽又可爱。成品的细节感拉满，棱角都很精致！！
#拼豆 #拼豆手工# #拼豆成品 #洛克王国世界 #异色恶魔狼王 ",花事了(接..版),342,64,15,
偶尔chill一下 才有动力继续☕️,#没有咖啡是不完整的一天 ,姜小嘻cissie,67,7,1,
丑到震惊世界的炫彩长什么样啊到底,我的炫彩都是普普通通的哇！感觉大家的炫彩都好有意思#洛克王国世界 #洛克王国异色 #洛克王国炫彩 #洛克王国宠物 #洛克王国精灵 #洛克王国手游 #洛克王国 #畅所欲言贴 #那些千奇百怪 #奇奇怪怪 ,芭乐蜜桃汁,3685,752,4149,
,#洛克王国世界 ,我应该可以把自己照顾好,130,19,300,
宝宝你是一颗地雷,#土豆地雷.. #花枝鼠宝宝 #鼠 #胖墩葫芦 #宝宝成长黄金1000天 ,kidssonly,32741,2421,1435,
拍到..了？！,"作为新生代中毛色最艳丽的马鹫，燃魂从不吝啬展示自己，再说了，她也喜欢羽毛在日光下闪闪发光的样子。
“所以怎么样——我很漂亮吧？”燃魂踏着小碎步走过来，张开翅膀给所有人看看她的四色【彩虹】
	
———
	
之前就在想小鹦鹉要是去mlp世界会是很漂亮的马鹫，正好列表里画小动物特别厉害的老大开了mlp非小马种族拟的稿就即刻约了！遂展示！
#oc #tfoc #拟小马 ",糖.exe未响应,0,0,0,
先刷丝之歌,"一路莫名其妙的打到了泪之城，整个过程里就没遇见几只活虫……
对我说话最多的居然还是大黄蜂……
[哭惹R]
（以及不知道是不是我走的路线不太好，连地图商都很难遇到……）
一只虫漫无目地的走着……
在泪之城的Bgm里尤其有这种寂寥感……
#丝之歌#空洞骑士 ",阿夜,664,34,106,
决战洛克王国最萌小猫之巅！,"喵妙喵妙！
#洛克王国世界 #喵喵#小夜#小黑猫#逗逗 ",星星收藏家,3599,160,656,
游戏开发者真的要多玩游戏,"如图是我玩过的一部分游戏，但是真的很少[哭惹R]
我是上了大学才有自己的电脑，高中在学校寄宿平时回家也很少玩音游以外的游戏。除此之外也只有在4399上玩一些远古小游戏了[叹气R]
这一点点阅历在之前打gamejam的时候还是够用的。直到我们开始长线做@噬莱姆计划 的时候才发觉完蛋了，脑子里根本没墨水[失望R]
好在去年初看我们老大玩《空洞骑士》觉得有意思就入坑了，真的是一下治好了我的电子养胃。玩下去整个人灵感从四面八方来啊，于是开始感叹自己游戏玩的还是太少了[捂脸R]
去年一年时间玩了好多游戏，也从中学到了很多游戏设计思路。友友们还有什么游戏值得玩的值得学习的可以评论区推荐一下[飞吻R]
#我在小红书做游戏 #和游戏薯一起WePlay #游戏开发 #游戏设计 @游戏薯 @次元薯 ",魔音歌子（独游开发版）,3951,2641,210,
你最可爱了,#恶魔叮 ,咩酱,59,2,3,
这是啥子,刷好感度要给我迪莫头上撞出两大包撞成啥子了。。。,xgwdqqnc,1940,60,80,
洛克王国世界的教资在天上乱飞,"和朋友聊了一下笑晕了，谁说这剧情幼稚了，这剧情可太带劲了，明明是学院的设定，相比和同学，怎么一直是在和老师同生共死，构建羁绊啊！
伊里斯，呼唤名字真的情谊拉满了，伊里斯老师，我的彩虹独角兽，不要走好吗..
恩佐，更是师生二象性的重量级，既有学长的友爱，又有助教的威严。还有二人旅行剧情，这篝火真有氛围感吧（）恩佐学长一定还是个温柔的好洛克吧..
路易斯老师，最像老师的一位，每次章节结束基本都是去见路易斯老师，历经一番风波之后再见到路易斯老师就像见到妈妈一样安心和温暖，对老师逐渐产生了别样的情感..
#洛克王国世界 #洛克王国世界正式上线  #恩佐 #伊里斯 #路易斯 #洛克王国特种兵 ",末影,6957,531,211,
,敢朝异色拉特扔炫彩球的，我敬你是这个[点赞R] 还我黑白拉特[惊恐R] #洛克王国世界 #异色拉特 #异色拉特 ,黝黑胖次,364,20,341,
,大家都是凭什么工作赚到人生的第一个一百万的？#职业 #努力搞钱搞事业 #人生小目标 ,一棵草,1110,583,304,
速摸了一张,"看深渊前瞻PV也是很惊喜的好吧
总之，前面忘了
后面也忘了
反正最后心患99..
#摸鱼 #第五人格 #第五心患 #心兽 ",噬体,14462,1516,104,
一个忧郁的Potato,#卡通表情包 #动图 #小表情包 #脑袋里在想什么 #好像不太聪明的样子 #动图表情包 #动态表情 ,小猫失雨,6020,1328,121,
,"之前没太注意自己的异色都炫了个什么
今天翻了一下才发现我被屎追着跑啊怎么！！！！？？？？",我有的是食欲和瞌睡,138,3,108,
1/1大小的柴渣虫!,突发奇想如果打印一只1/1的柴渣虫会怎么样，然后就有点上图发生的，量了下长度居然有30厘米了，宝宝你是一只大块头，后续会做成异色涂装给大家展示的，小的那只做原色，另外燃薪虫的成品也差不多了，大概就是图4那样，今晚再上一层保护漆提亮就OK了，等做完了会出新帖子给大家展示的#洛克王国世界 #洛克王国 #柴薪虫 #燃薪虫 #异色 #模型 #展示 #洛克王国手游 #洛克王国异色 #精灵 ,给cyclops做cos道具?,3384,172,174,
gap10个月了，每天顶着巨大的压力玩手机,#gap ,早日发财,16777,2294,3551,
春天、暖阳,"色彩练习
	
#边狱巴士#lcb以实玛利 ",夜鹭西裤,979,42,28,
洛克王国真“男人”,"我愿称他为洛克王国最忙碌的bro
“生完你的生你的，生完你的生你的”
[笑哭R][笑哭R][笑哭R][笑哭R][笑哭R][笑哭R][笑哭R][笑哭R]
#同人产粮节 抄#洛克王国世界 #洛克王国 #洛克王国激励计划 #异色 ",玩儿WHY&乱涂乱画小蜘蛛,7058,381,783,
这可能是我一直没打耳洞的原因,"我出去玩的时候喜欢戴手链、项链
今天在想自己为什么一直不戴耳环：
	
手链项链一直在自己视线范围内
抬手低头就能看见
看见了就会欣赏 感到愉悦
	
而耳环是我的视野盲区
除了照镜子之外都看不到
耳环就是戴给别人看的吗？
	
我不想为自己看不到的美而承受任何不适
这也许是为什么我一直没计划过要去打耳洞
#打耳洞 #每日分享 #思考
——————
二编
评论区的内容我都认真看了，
非常尊重大家的选择和想法，
原来打耳洞的意义有这么多，
我管中窥豹小心眼了，无意冒犯，实在抱歉！
	
ps（之前还没有这么多人和我聊些有的没的呢，
有点小兴奋[害羞R] ",momo,1394,109,2980,
野生异色！,#洛克王国世界 #金毛 #异色精灵 ,秦,484,4,26,
,有话要说，快来评论,七岁的豆豆,7371,866,217,
每日一笑,#笑一笑十年少一笑解千愁 #笑得停不下来 #开心一笑生活没烦恼 #逗你一笑忘记烦恼 ,清风,55614,20030,1071,
,杭州的外贸工作怎么样啊[皱眉R][皱眉R][皱眉R]很喜欢杭州这座城市，而且杭州的补贴也让人有点心动..但其实仔细算下来，租房的话肯定要远超租房补贴的了[抓狂R][抓狂R][抓狂R]要是能在自己喜欢的城市工作生活也值了#找工作 #去外地工作 #大学生毕业找工作 #杭州 #杭漂 ,mimo,30,10,82,
Day9 好崩溃两天不画就不会画了,"全部暴露！当场离婚！ 。这个坐姿怎么这么难
#速写人物 #速写蚂拉松 @自在涂形堂 ",R3e,3565,667,46,
浙江有钱人,#北方人在南方 #居民消费水平 底层人民生活 #当代社会现状 #现在的年轻人 ,糯米饭,773,329,703,
,"看到这给我吓晕了..
#一人之下 ",秋天一个游,1835,405,301,
呼呼猪记录手册,总结:经过好盆友一晚上努力抓到了异色呼呼猪！他花费1500球[害羞R][害羞R][害羞R][害羞R] 不得不表示给我整开心了！该[大笑R][大笑R][大笑R] ,呈鸣,475,10,196,
把之前的和现在的一些发一下,#纸绘 #自家oc #绘画 ,不会画圆的圆,1,1,1,
Day 5,#日奈森亚梦 #守护甜心 ,apenz,4374,97,27,
给树上挂这个装置的人简直是天才,"一抬头就被惊艳了
风吹过来在阳光下一闪一闪的
三百六十度无死角的美
#抬头拍树 #这是一个特别的树 ",都市弃子,67993,6965,2365,
,留下你的想法吧,可可爱爱✨,0,0,0,
面没洒，人没哭，白裤子救回来了,"为了封面这条裤子，我搓出了肱二头肌……
	
事情是这样的..
一碗面放在托盘上，托盘一歪，碗滑了，红油泼了我一身……
万幸面没洒（我也不知道我在骄傲什么，坚强！乐观！爱吃！）
	
半小时火速吃完回到宿舍，打开DeepSeek现场求救。已知宿舍里有：洗洁精、衣领净、洗衣液、彩漂粉、肥皂。
	
步骤如下：
1️⃣ 先干擦，别搓，用纸巾吸油
2️⃣ 衣领净厚涂，静置20-30分钟。别干，干了加点水。（实际上我静置了蛮久……三件衣服轮流厚涂下来我已经累了）
3️⃣ 突发状况：衣领净用完了！换洗洁精（DS说可以叠buff）
4️⃣ 静置后先干揉，再用60度热水搓⚠️千万别用冷水，油会凝固！（这一步最费力气了……我的肱二头肌得到充分锻炼）
5️⃣ 最后丢洗衣机收尾
.. 彩漂粉不能急！DS特别提醒：先去油，再漂白，顺序错了油就锁死了。
	
衬衫、短袖：很给面子！布料薄，没搓几下（夸张手法）就干净了，当时我还天真地以为白裤子也不过如此..
白裤子：真的难搞…面积大、布料厚，前面油还渗到了后面..
继续重复厚涂➕静置➕搓搓搓
	
图1：刚泼上去的时候
图2-3：衬衫、短袖从洗衣机新鲜出炉
图4：裤子搓完的样子
图5：晾了一晚上
图6：布料厚的地方还是有一点油印
	
能救成这样，我已经很满意了..
感谢DeepSeek，科技改变生活。也感谢我自己搓得那么用力（肱二头肌表示不客气）
	
面很好吃！但是最近一个月不准备再吃了……
	
二编：谢谢好朋友们群策群力！
1️⃣白衣服弄上红油洗完有印子的话就猛晒太阳，辣椒素见光会加速氧化分解（但此方法仅限于不怕晒掉色的白衣服
2️⃣洗衣用品的话还有爆炸盐、84、白醋浸泡等等（不过请注意不要过度重叠使用哦！大家挑一个就好
	
三编：特别提醒！如果是【血迹】：
⚠️用冷水！不要用热水！热水会让血凝固在纤维里，之后就很难洗掉了。
步骤如下：
1️⃣ 用冷水冲（❌ 热水：血遇热凝固）
2️⃣ 涂硫磺皂（❌ 普通肥皂：蛋白质更牢，❌ 彩漂粉/漂白水：会让血渍变黄褐色）或内衣洗涤剂，冷水搓洗
	
#红油 #油渍 #白裤子 #生活小妙招 #Deepseek #面没洒是最后的倔强 ",我算这块小饼干,8477,4133,476,
推了推神居盔甲背影的正面,"看着那么高大伟岸，，实际上背更驼了！
没有完全按原背影剪影来画，因为有些地方不知道如何摆放才能贴合剪影
有关四门的最后一张图了我保证
#空洞骑士 #绘画#我打过四门了 ",露露,90,6,9,
,#同龄人 96年人什么状态,momo,538,200,2705,
原皮拉特！！！！！,好萌好萌好萌[黄金薯R][黄金薯R][黄金薯R][黄金薯R][黄金薯R] ,HHH,227,4,363,
,年少无知的日日夜夜,缺德,4226,183,32,
能当手模吗,#手模 ,南栀,26435,2521,6630,
恶魔狼你怎么又帅又萌啊,"谁懂恶魔狼的萌点）好戳我
狼就这样傻不拉叽的看着你）
拼豆图纸@猫车百货（限流版） 老师[自拍R]
	
#我染上了拼豆 #洛克王国世界 #随手记录美好 ",言玉,16,3,4,
1小时3异色但清污染清了快两小时,"刷狼也挺容易把随机池异色刷出来
昨天刚出蚊子今天代刷狼就出了异色贝瑟
直接好价出给老板了
如果哪天背包里好几亿洛克贝
我就不清污染了等4小时消失再刷哈哈",YuYi,131,3,49,
“妈妈你是怎么在一众绒绒里选中我的呀”,"“因为前面的都被你火神叔叔打死了。”
-
炫彩炫急眼了，我就和火神说：来，你去打，你锁血哪只我炫彩哪只。
	
当时我舍友说感觉这只很有天分，火神刚好锁了这只的血，还是锁两滴血（另一滴是我舍友锁的吗，？）。终于炫彩出了一天之中对我最友好的色卡——甚至是同乘
	
再想一下还是觉得很好笑，我的火神不会害我，！
	
#洛克王国世界 #洛克王国手游
	
ps：文中没有一只绒绒受到伤害，全部送回我的大绒田自由自在的蛄蛹",不织棠,10136,600,706,
这是啥必抓的精灵吗,我们忽悠狸完全是表情包来着#洛克王国世界 #洛克王国世界正式上线 ,凌晨三点,390,10,109,
出来吧！我的最美燃薪虫！,"❗️终于，两个人刷了三四个晚上，花快1300个球出的异色....
出了个草莓吹风筒，太好看了[色色R]
小时候也可爱～
大家都是什么颜色的虫虫..
#洛克王国世界 #燃薪虫 #燃薪虫异色#异色炫彩燃薪虫 #洛克王国 #就决定是你了 ",..尼仔n.n,34,3,102,
道路织者奇拉尔,"我打算做一个视频推(捏)测(造)丝之歌中每一个编织者的性格以及她们之间的互动
因为我不确定能不能把视频做出来，所以我会随着图文更新而发布部分信息整理和推测（欢迎讨论！）
奇拉尔的陵墓伫立于壳木林，她也许用织者身份的威能与尼莱斯合作、开辟道路，从而获得了道路织者的称号；有关她的文本都在反映她对过路凡虫的切实庇护与关怀，她很可能是丝之歌中出场的最仁慈、最关怀凡虫的编织者了#丝之歌 #空洞骑士 #丝家编织者 ",F%,473,25,16,
蓝果圆珠笔太爽了..,"嗯，对大概就是介绍一下
她是喵星的一个天使..
专门审判那些死亡的小猫..
性格比较温柔大方
所以有人给他画个无常吗？
他只能闭着眼睛 因为他的眼睛受过伤..
我要无偿......
#勿盗        #圆珠笔手绘       #圆珠笔      #纸绘     #蓝果圆珠笔    #自家oc   #求无偿稿件 ",蛋仔小线头.,1,2,1,
纸绘，为什么浏览量成个位数了,#纸绘 #随便画画 #手绘摸鱼 #绘画摸鱼 #铅笔手绘 #画画日常 ,tz,1,0,1,
空洞骑士插画,#空洞骑士    #头像  #插画   可爱的小骑士来喽,星星很戏精,13,1,3,
发现固排是高中crush怎么办,"就……之前绝航野排碰到一个大手子，主包全程给他加血可能打动他了吧，打完他加的我好友，慢慢就一起打了[微笑R]
一开始我和他都不开麦，就打字报信息的，后来有局他突然开了，那个声音……我听着特别耳熟，当时也不敢确定[哭惹R]，觉得可能碰巧很像吧
打了有一段时间，大概一两个月，今天他说加个微信，方便约时间，我就加了，然后翻了翻他朋友圈（对不起我喜欢视奸别人）……我直接人都傻了[石化R][石化R]
怎么是我高中暗恋的男生啊
我现在手都在抖，连游戏都不敢上了，他
刚发消息问我打不打，我不知道回什么。
怎么和他说话啊啊啊啊啊很急
#游戏搭子 #和crush聊天 #三角洲行动 ",麦麦习性,4165,644,543,
异色是越来越容易出吗,"昨天恶魔狼的异色刷了一下午，用了几百个补光球
今天的异色一下子遇见俩",德,765,47,795,
老师们这是我OC，有没有老师给她画无偿？,#我的oc #抽查作业写完了吗 ,我在古墓里被棕子追着跑,1,1,3,
有关过去的记忆,"是真实的吗？
之前合志图半年了放一下…
	
#百日战纪#丸子乐 ",BANYEZHI,6,0,0,
小孩..,"是调调跟练的打卡，代餐了自设和oc……小男孩小女孩太舒服了！！！
#调调头像课 #oc #自设 #绘画 ",二氧化碳,27844,1662,175,
噜噜琦..,的原声,CedricRay..小胡,1,0,0,
原来“绿”有万千种,"原来绿有万千种，犹逊枝头一段春。
#倒影里的春天 #春天 #绿色 ",人各有病,1598,397,153,
新画的QQ人oc,#OC #qq人 #q版 #原创OC #Q版全身 #q版立绘 #我的oc ,千年小虹,1,0,0,
【丝之歌】念珠盘子是它们上供的是吧,"念珠盘子旁边经常有朝圣者尸体
宝箱旁边也有
这我们拿的钱是它们上供的钱吗[石化R][石化R][石化R]
念珠盘的架子不就是那个符号吗
绑架大黄蜂的兵制服上那个
一路上背景里的大雕像
这什么信仰啊，怎么看都不正规吧
上了供也没保你们啊，死在供坛边上了
	
车站站台也像那个，铃铛好像掉在旁边了，我就说纺络叫车怎么靠喊呢，铃铛掉了不能敲
那哑巴就不能坐车了
但是大黄蜂有嘴
有嘴就是好
	
#丝之歌#大黄蜂#大黄蜂有嘴真好啊 ",东西南北中,238,11,25,
..&..,"恶魔狼蛋和鸭吉吉蛋搞定！[派对R][派对R][派对R]
预计会在近期开团，感兴趣的宝子可以进群关注一下后续！
#洛克王国世界 #洛克王国 #洛克王国手游 #洛克王国异色 #恶魔狼 #鸭吉吉 #异色蛋 ",波波茶,694,89,55,
樱兰的大头写真照全员,#樱兰高校 #樱兰高校男公部  #樱兰公关部 #藤冈春绯 #须王环 #春绯  #凤镜夜 #常陆院光 #常陆院馨 #埴之冢光邦 #铦之冢崇 ,粥粥,2795,332,33,
,#迷你魔法新纪元 #绘画模板 ,＿below幸运雨..,0,0,0,
陨星女士你是我的亲姐,"起因是刷赛季污染任务出了一个没见过的精灵
这位女士把我家屈指可数的公虫都骂了一遍，还和另一窝兔子吵架
意识到一些不对劲之后打开姐面板，急躁&容易生气，噢……
附被陨星女士选中的男宠大头照
ps：性格是胆小&小心翼翼
pps：我是真的很喜欢小毛蛛和扫把和扫地机
	
二编：
生了个胆小&有些粘人的崽
搜了一下虫队攻略，好像需要的就是胆小性格
所以陨星女士是为了生最好的崽才这么挑剔[萌萌哒R]
不过早上一看没有新的蛋了，疑似用完就扔（？
	
三编：
好多人啊.jpg
没法一一回复力
我歪果冻确实会两眼一黑但是讨厌不至于，而且这是我的第一只星尘虫，都挺可爱的，不要压力虫虫和果冻啊[萌萌哒R]
看到不友善的言论我将反手晒欧[偷笑R]
	
#洛克王国 #洛克王国世界 #星尘虫 #陨星虫 #毛头小蛛 #食尘短绒 ",杯子..,7533,769,650,
救命..杭州有没有不收押金的短租啊？女生1个,"家人们！因为临时要去杭州待一个月（旅居/），想找个短租的小窝..。预算1500左右，好想要个能拎包入住的。
1️⃣ 需求排序：安全>干净>通勤。#杭州租房
2️⃣ 押金痛点：因为只待1个月，真的不想掏大几千交押金，最好能月付或无押金（看看孩子吧）。
3️⃣ 位置：只要离地铁近就行，哪怕是偏一点也没事#短租 ！
4️⃣ 我是好租客：事少安静，会好好爱护房子，走之前给你打扫干净！
有没有姐妹要转租或者房东直租的？看看孩子吧！评论区带图砸我！#女生租房 ",明珠姐的生活,107,75,459,
调调头像课Day22,#调调头像课 @回声线绘画 ,临耀,0,0,0,
